crime_type,category,date_reported,time_reported,zone,location_name,latitude,longitude,status,severity,weapon_involved,victim_age,victim_gender,day_of_week,hour_of_day,description
Identity Theft,Cybercrime,2026-03-13,03:06:43,Zone 6,Central Market,13.121207,80.277959,Solved,Medium,0,29,Male,Friday,3,Identity Theft reported near Hilltop Avenue.
Drug Possession,Narcotics,2025-08-17,05:28:37,Zone 5,Old Town Square,13.047211,80.329788,Solved,Medium,0,25,Male,Sunday,5,Drug Possession reported near Industrial Estate.
Vehicle Theft,Theft,2026-01-13,14:51:02,Zone 1,Harbor Front,13.119457,80.276496,Pending,Critical,0,55,Female,Tuesday,14,Vehicle Theft reported near Greenfield Sector 7.
Burglary,Theft,2026-02-18,18:55:06,Zone 2,Harbor Front,13.06352,80.263246,Solved,High,0,33,Other,Wednesday,18,Burglary reported near Harbor Front.
Online Fraud,Cybercrime,2025-10-16,03:24:17,Zone 6,MG Road Junction,13.161024,80.2931,Pending,Medium,0,30,Male,Thursday,3,Online Fraud reported near Industrial Estate.
Robbery,Violent Crime,2025-09-28,10:31:25,Zone 4,Hilltop Avenue,13.144249,80.293556,Pending,Medium,0,32,Other,Sunday,10,Robbery reported near Greenfield Sector 7.
Public Intoxication,Public Order,2026-03-26,16:05:48,Zone 4,Central Market,13.010239,80.208244,Solved,Medium,0,40,Female,Thursday,16,Public Intoxication reported near Greenfield Sector 7.
Assault,Violent Crime,2025-08-02,20:34:48,Zone 4,University Gate,13.045392,80.293254,Pending,Medium,1,72,Other,Saturday,20,Assault reported near Old Town Square.
Drug Possession,Narcotics,2025-08-30,21:32:38,Zone 5,MG Road Junction,13.034526,80.250526,Under Investigation,Low,1,54,Female,Saturday,21,Drug Possession reported near Railway Station Rd.
Shoplifting,Theft,2026-02-09,02:56:36,Zone 1,Riverside Park,13.154212,80.204405,Pending,Medium,0,24,Other,Monday,2,Shoplifting reported near Railway Station Rd.
Drug Trafficking,Narcotics,2026-03-29,19:44:12,Zone 5,Railway Station Rd,13.116772,80.254539,Under Investigation,Medium,0,23,Male,Sunday,19,Drug Trafficking reported near North Bus Depot.
Burglary,Theft,2025-09-18,00:45:40,Zone 1,Old Town Square,13.01212,80.201484,Pending,Low,0,58,Female,Thursday,0,Burglary reported near North Bus Depot.
Drug Trafficking,Narcotics,2026-03-13,20:12:06,Zone 5,Harbor Front,13.018209,80.259668,Pending,Low,0,57,Other,Friday,20,Drug Trafficking reported near Central Market.
Shoplifting,Theft,2026-05-22,07:34:28,Zone 1,Hilltop Avenue,13.025129,80.220058,Solved,Medium,1,22,Male,Friday,7,Shoplifting reported near Harbor Front.
Burglary,Theft,2026-04-21,12:13:55,Zone 5,Railway Station Rd,13.066866,80.200082,Solved,Low,1,34,Female,Tuesday,12,Burglary reported near University Gate.
Drug Trafficking,Narcotics,2026-04-28,03:03:37,Zone 6,Hilltop Avenue,13.120418,80.200453,Pending,Low,0,26,Male,Tuesday,3,Drug Trafficking reported near Hilltop Avenue.
Vehicle Theft,Theft,2025-08-05,11:56:36,Zone 1,Hilltop Avenue,13.042094,80.285823,Pending,Medium,0,36,Female,Tuesday,11,Vehicle Theft reported near North Bus Depot.
Homicide,Violent Crime,2025-12-26,20:19:29,Zone 6,Central Market,13.053288,80.310998,Under Investigation,Low,1,20,Other,Friday,20,Homicide reported near North Bus Depot.
Drug Trafficking,Narcotics,2026-06-11,04:10:28,Zone 5,MG Road Junction,13.136099,80.303266,Pending,Medium,1,58,Other,Thursday,4,Drug Trafficking reported near Old Town Square.
Online Fraud,Cybercrime,2026-03-03,21:47:35,Zone 6,Harbor Front,13.027572,80.235781,Solved,Low,0,56,Female,Tuesday,21,Online Fraud reported near Hilltop Avenue.
Assault,Violent Crime,2026-05-29,16:17:02,Zone 4,Hilltop Avenue,13.003267,80.314079,Pending,High,0,61,Female,Friday,16,Assault reported near Hilltop Avenue.
Burglary,Theft,2025-10-10,17:37:35,Zone 1,MG Road Junction,13.026395,80.211091,Pending,Low,1,73,Female,Friday,17,Burglary reported near North Bus Depot.
Phishing,Cybercrime,2026-01-15,21:26:39,Zone 6,Riverside Park,13.122616,80.338822,Solved,Low,0,72,Female,Thursday,21,Phishing reported near MG Road Junction.
Hacking,Cybercrime,2025-08-08,06:50:44,Zone 2,Railway Station Rd,13.019995,80.330247,Solved,High,0,38,Female,Friday,6,Hacking reported near North Bus Depot.
Burglary,Theft,2025-12-23,08:04:49,Zone 2,MG Road Junction,13.04736,80.293337,Pending,Low,1,23,Female,Tuesday,8,Burglary reported near Riverside Park.
Phishing,Cybercrime,2026-05-21,10:46:50,Zone 5,Greenfield Sector 7,13.052888,80.287693,Solved,Medium,0,28,Female,Thursday,10,Phishing reported near MG Road Junction.
Online Fraud,Cybercrime,2026-01-10,01:42:58,Zone 6,Old Town Square,13.055532,80.240927,Pending,High,0,48,Female,Saturday,1,Online Fraud reported near Harbor Front.
Homicide,Violent Crime,2025-10-06,09:42:24,Zone 4,MG Road Junction,13.111071,80.335149,Pending,High,0,35,Female,Monday,9,Homicide reported near North Bus Depot.
Drug Trafficking,Narcotics,2025-11-19,05:13:32,Zone 4,Hilltop Avenue,13.07841,80.334889,Solved,Medium,0,58,Other,Wednesday,5,Drug Trafficking reported near Greenfield Sector 7.
Vandalism,Public Order,2025-08-05,10:12:09,Zone 3,Lakeview Colony,13.006608,80.229875,Solved,Medium,0,72,Other,Tuesday,10,Vandalism reported near Greenfield Sector 7.
Public Intoxication,Public Order,2025-12-24,07:44:00,Zone 2,University Gate,13.145526,80.32837,Solved,High,0,49,Female,Wednesday,7,Public Intoxication reported near MG Road Junction.
Drug Possession,Narcotics,2025-11-25,20:42:33,Zone 5,University Gate,13.160763,80.285972,Pending,Critical,1,73,Other,Tuesday,20,Drug Possession reported near Lakeview Colony.
Drug Possession,Narcotics,2025-11-14,03:15:53,Zone 5,Central Market,13.104726,80.31323,Solved,Medium,0,61,Female,Friday,3,Drug Possession reported near North Bus Depot.
Trespassing,Public Order,2026-06-05,07:24:44,Zone 3,MG Road Junction,13.027149,80.224932,Pending,Low,0,29,Female,Friday,7,Trespassing reported near Lakeview Colony.
Pickpocketing,Theft,2025-11-14,21:19:48,Zone 5,Greenfield Sector 7,13.065098,80.333363,Pending,High,0,73,Male,Friday,21,Pickpocketing reported near Railway Station Rd.
Pickpocketing,Theft,2026-07-01,10:43:51,Zone 2,MG Road Junction,13.067391,80.217107,Pending,Medium,0,74,Female,Wednesday,10,Pickpocketing reported near Greenfield Sector 7.
Pickpocketing,Theft,2026-05-07,07:16:24,Zone 5,Lakeview Colony,13.055076,80.263452,Solved,Low,1,32,Male,Thursday,7,Pickpocketing reported near Railway Station Rd.
Shoplifting,Theft,2026-03-23,03:41:02,Zone 1,Riverside Park,13.123377,80.342638,Solved,Low,0,46,Other,Monday,3,Shoplifting reported near Central Market.
Trespassing,Public Order,2026-03-06,08:38:47,Zone 5,Old Town Square,13.117637,80.315147,Pending,Low,0,52,Other,Friday,8,Trespassing reported near Lakeview Colony.
Assault,Violent Crime,2025-09-15,11:44:49,Zone 4,MG Road Junction,13.050953,80.300181,Pending,Critical,1,38,Other,Monday,11,Assault reported near Lakeview Colony.
Identity Theft,Cybercrime,2026-07-09,19:06:27,Zone 6,Lakeview Colony,13.156426,80.292394,Pending,High,0,27,Other,Thursday,19,Identity Theft reported near Hilltop Avenue.
Hacking,Cybercrime,2025-11-19,19:37:17,Zone 6,Railway Station Rd,13.054269,80.229979,Solved,High,0,31,Female,Wednesday,19,Hacking reported near Greenfield Sector 7.
Phishing,Cybercrime,2025-11-04,04:13:22,Zone 5,Old Town Square,13.130353,80.245154,Pending,High,0,51,Male,Tuesday,4,Phishing reported near Hilltop Avenue.
Pickpocketing,Theft,2025-11-07,16:44:30,Zone 2,University Gate,13.106044,80.269231,Solved,Medium,0,31,Female,Friday,16,Pickpocketing reported near Harbor Front.
Drug Trafficking,Narcotics,2025-12-10,04:44:29,Zone 5,Hilltop Avenue,13.046047,80.230925,Solved,Low,0,64,Other,Wednesday,4,Drug Trafficking reported near Riverside Park.
Pickpocketing,Theft,2026-02-24,23:33:38,Zone 2,MG Road Junction,13.04798,80.206784,Solved,Low,0,61,Other,Tuesday,23,Pickpocketing reported near Riverside Park.
Vandalism,Public Order,2025-10-06,19:08:40,Zone 3,Railway Station Rd,13.141654,80.269241,Pending,High,0,37,Male,Monday,19,Vandalism reported near MG Road Junction.
Vandalism,Public Order,2026-06-12,16:36:40,Zone 3,North Bus Depot,13.112532,80.214976,Solved,High,1,23,Other,Friday,16,Vandalism reported near Lakeview Colony.
Drug Possession,Narcotics,2025-10-21,06:28:19,Zone 5,University Gate,13.140327,80.349105,Pending,Low,0,22,Male,Tuesday,6,Drug Possession reported near Harbor Front.
Vehicle Theft,Theft,2026-04-27,07:04:10,Zone 2,University Gate,13.003128,80.262781,Solved,Medium,0,34,Other,Monday,7,Vehicle Theft reported near Railway Station Rd.
Online Fraud,Cybercrime,2025-12-11,13:41:09,Zone 1,Old Town Square,13.148046,80.322961,Solved,Low,0,54,Other,Thursday,13,Online Fraud reported near Greenfield Sector 7.
Public Intoxication,Public Order,2025-07-28,19:17:32,Zone 3,Greenfield Sector 7,13.089097,80.260741,Pending,Medium,1,32,Male,Monday,19,Public Intoxication reported near Central Market.
Drug Possession,Narcotics,2025-08-06,13:48:48,Zone 2,Lakeview Colony,13.030731,80.273734,Under Investigation,Low,0,56,Female,Wednesday,13,Drug Possession reported near Central Market.
Homicide,Violent Crime,2026-02-02,22:21:26,Zone 4,Railway Station Rd,13.113688,80.236815,Pending,Critical,1,21,Female,Monday,22,Homicide reported near Old Town Square.
Public Intoxication,Public Order,2025-10-26,19:34:29,Zone 3,MG Road Junction,13.06882,80.220713,Pending,Low,0,29,Female,Sunday,19,Public Intoxication reported near Hilltop Avenue.
Trespassing,Public Order,2025-11-10,01:40:38,Zone 2,North Bus Depot,13.13059,80.304265,Solved,Low,0,69,Male,Monday,1,Trespassing reported near Railway Station Rd.
Domestic Violence,Violent Crime,2026-02-16,20:26:53,Zone 1,Greenfield Sector 7,13.0799,80.266255,Solved,High,0,48,Other,Monday,20,Domestic Violence reported near Riverside Park.
Pickpocketing,Theft,2026-01-22,08:00:18,Zone 1,Railway Station Rd,13.118868,80.324696,Under Investigation,Medium,0,50,Female,Thursday,8,Pickpocketing reported near Industrial Estate.
Drug Trafficking,Narcotics,2025-11-24,21:44:15,Zone 3,University Gate,13.094188,80.22807,Pending,Medium,0,74,Female,Monday,21,Drug Trafficking reported near Lakeview Colony.
Domestic Violence,Violent Crime,2026-06-28,18:37:21,Zone 6,University Gate,13.141852,80.33057,Pending,High,1,25,Female,Sunday,18,Domestic Violence reported near Harbor Front.
Shoplifting,Theft,2026-01-23,15:41:05,Zone 2,University Gate,13.138982,80.327075,Solved,High,0,72,Female,Friday,15,Shoplifting reported near Hilltop Avenue.
Homicide,Violent Crime,2026-03-22,16:06:48,Zone 1,MG Road Junction,13.1041,80.330313,Under Investigation,High,1,36,Male,Sunday,16,Homicide reported near Old Town Square.
Vandalism,Public Order,2026-03-12,14:43:50,Zone 3,Railway Station Rd,13.031509,80.218711,Pending,Medium,0,74,Other,Thursday,14,Vandalism reported near Riverside Park.
Shoplifting,Theft,2025-11-23,15:57:51,Zone 2,Greenfield Sector 7,13.077141,80.236721,Under Investigation,Medium,0,35,Other,Sunday,15,Shoplifting reported near Lakeview Colony.
Identity Theft,Cybercrime,2026-04-05,20:06:15,Zone 6,MG Road Junction,13.063718,80.248133,Pending,Low,0,69,Other,Sunday,20,Identity Theft reported near Lakeview Colony.
Trespassing,Public Order,2026-06-20,20:53:57,Zone 3,North Bus Depot,13.14717,80.314819,Solved,Low,0,55,Female,Saturday,20,Trespassing reported near Harbor Front.
Assault,Violent Crime,2025-08-28,02:50:28,Zone 6,Lakeview Colony,13.008038,80.249078,Solved,Medium,1,27,Male,Thursday,2,Assault reported near Riverside Park.
Identity Theft,Cybercrime,2026-04-23,21:30:51,Zone 5,Central Market,13.049923,80.329964,Pending,High,0,25,Male,Thursday,21,Identity Theft reported near Harbor Front.
Trespassing,Public Order,2026-01-10,21:00:16,Zone 6,Harbor Front,13.088552,80.263466,Pending,Medium,0,39,Male,Saturday,21,Trespassing reported near Harbor Front.
Shoplifting,Theft,2025-09-07,15:40:52,Zone 2,MG Road Junction,13.076983,80.302872,Solved,Medium,0,35,Female,Sunday,15,Shoplifting reported near Central Market.
Burglary,Theft,2025-12-29,10:47:44,Zone 1,Central Market,13.154056,80.25776,Solved,Medium,0,69,Female,Monday,10,Burglary reported near Greenfield Sector 7.
Phishing,Cybercrime,2025-07-27,05:28:15,Zone 4,Harbor Front,13.139572,80.206597,Pending,Medium,0,38,Male,Sunday,5,Phishing reported near Lakeview Colony.
Vandalism,Public Order,2025-11-26,19:41:40,Zone 3,Greenfield Sector 7,13.098243,80.194117,Solved,Medium,0,29,Male,Wednesday,19,Vandalism reported near Hilltop Avenue.
Homicide,Violent Crime,2026-05-01,00:54:09,Zone 2,Riverside Park,13.160704,80.277134,Under Investigation,Critical,0,16,Female,Friday,0,Homicide reported near North Bus Depot.
Drug Possession,Narcotics,2026-03-03,01:26:33,Zone 5,Railway Station Rd,13.020884,80.200869,Pending,Low,0,48,Male,Tuesday,1,Drug Possession reported near Greenfield Sector 7.
Drug Trafficking,Narcotics,2025-11-23,23:03:30,Zone 1,Central Market,13.138268,80.258904,Solved,Low,0,36,Other,Sunday,23,Drug Trafficking reported near Riverside Park.
Shoplifting,Theft,2026-01-01,13:29:32,Zone 1,Hilltop Avenue,13.099568,80.206569,Pending,Medium,1,62,Male,Thursday,13,Shoplifting reported near Lakeview Colony.
Public Intoxication,Public Order,2025-11-25,14:06:20,Zone 4,Central Market,13.070982,80.297117,Under Investigation,Low,0,21,Male,Tuesday,14,Public Intoxication reported near Central Market.
Homicide,Violent Crime,2026-05-10,03:35:35,Zone 4,University Gate,13.055443,80.210257,Pending,High,1,19,Female,Sunday,3,Homicide reported near Greenfield Sector 7.
Trespassing,Public Order,2025-10-30,07:30:14,Zone 3,North Bus Depot,13.138264,80.246718,Solved,Medium,0,67,Female,Thursday,7,Trespassing reported near Hilltop Avenue.
Drug Possession,Narcotics,2025-09-07,21:17:01,Zone 5,Riverside Park,13.031567,80.303132,Solved,Low,0,52,Other,Sunday,21,Drug Possession reported near Lakeview Colony.
Vehicle Theft,Theft,2026-05-30,07:26:29,Zone 1,Central Market,13.057243,80.249908,Pending,Medium,0,72,Male,Saturday,7,Vehicle Theft reported near Riverside Park.
Vehicle Theft,Theft,2026-02-26,15:31:38,Zone 2,Old Town Square,13.073427,80.234407,Solved,Medium,0,59,Other,Thursday,15,Vehicle Theft reported near Greenfield Sector 7.
Homicide,Violent Crime,2026-06-23,15:38:03,Zone 4,Industrial Estate,13.00393,80.238927,Solved,Medium,0,23,Male,Tuesday,15,Homicide reported near Railway Station Rd.
Online Fraud,Cybercrime,2026-01-02,16:32:35,Zone 6,MG Road Junction,13.136037,80.319692,Under Investigation,Low,0,43,Male,Friday,16,Online Fraud reported near Railway Station Rd.
Drug Trafficking,Narcotics,2025-09-25,19:26:18,Zone 1,University Gate,13.021128,80.194037,Pending,Low,0,74,Female,Thursday,19,Drug Trafficking reported near Central Market.
Domestic Violence,Violent Crime,2025-09-17,18:25:55,Zone 4,Central Market,13.052344,80.245022,Pending,Medium,0,49,Other,Wednesday,18,Domestic Violence reported near North Bus Depot.
Trespassing,Public Order,2026-05-02,06:16:12,Zone 3,Harbor Front,13.03046,80.215159,Under Investigation,Medium,0,47,Female,Saturday,6,Trespassing reported near Greenfield Sector 7.
Drug Trafficking,Narcotics,2025-08-28,02:04:30,Zone 5,Old Town Square,13.073453,80.239151,Pending,Low,0,45,Female,Thursday,2,Drug Trafficking reported near MG Road Junction.
Shoplifting,Theft,2026-06-06,18:54:05,Zone 1,MG Road Junction,13.101101,80.271831,Pending,Medium,0,44,Other,Saturday,18,Shoplifting reported near Harbor Front.
Pickpocketing,Theft,2025-11-02,22:28:06,Zone 2,MG Road Junction,13.132455,80.32468,Pending,Critical,0,31,Other,Sunday,22,Pickpocketing reported near Railway Station Rd.
Robbery,Violent Crime,2026-01-10,23:24:26,Zone 4,Industrial Estate,13.126614,80.299324,Solved,Low,1,22,Other,Saturday,23,Robbery reported near Harbor Front.
Robbery,Violent Crime,2026-01-27,18:09:58,Zone 4,Central Market,13.058671,80.345531,Pending,High,1,35,Other,Tuesday,18,Robbery reported near Lakeview Colony.
Assault,Violent Crime,2025-08-19,18:01:23,Zone 6,Riverside Park,13.052119,80.342887,Solved,Medium,1,25,Male,Tuesday,18,Assault reported near Old Town Square.
Vehicle Theft,Theft,2025-08-11,19:39:08,Zone 1,Riverside Park,13.098259,80.21538,Pending,Low,0,62,Female,Monday,19,Vehicle Theft reported near MG Road Junction.
Robbery,Violent Crime,2025-11-30,12:47:50,Zone 4,North Bus Depot,13.074528,80.276142,Pending,Medium,1,39,Other,Sunday,12,Robbery reported near Greenfield Sector 7.
Homicide,Violent Crime,2026-01-01,18:10:52,Zone 4,Industrial Estate,13.034652,80.287446,Pending,Critical,0,51,Male,Thursday,18,Homicide reported near University Gate.
Phishing,Cybercrime,2026-04-25,10:32:09,Zone 5,Industrial Estate,13.135667,80.205374,Under Investigation,High,0,75,Male,Saturday,10,Phishing reported near Lakeview Colony.
Shoplifting,Theft,2026-03-17,23:23:14,Zone 1,Riverside Park,13.00721,80.339632,Pending,High,0,18,Female,Tuesday,23,Shoplifting reported near Railway Station Rd.
Public Intoxication,Public Order,2025-09-04,22:01:16,Zone 6,Old Town Square,13.037205,80.214623,Solved,High,0,31,Female,Thursday,22,Public Intoxication reported near Central Market.
Pickpocketing,Theft,2026-06-14,17:31:38,Zone 1,MG Road Junction,13.088469,80.291813,Solved,Medium,0,55,Female,Sunday,17,Pickpocketing reported near North Bus Depot.
Drug Possession,Narcotics,2025-10-20,00:33:34,Zone 5,Harbor Front,13.083872,80.348833,Pending,Medium,0,40,Female,Monday,0,Drug Possession reported near Old Town Square.
Phishing,Cybercrime,2026-01-21,17:40:06,Zone 6,Hilltop Avenue,13.12614,80.30833,Solved,Low,0,37,Other,Wednesday,17,Phishing reported near Riverside Park.
Hacking,Cybercrime,2025-08-27,19:04:45,Zone 6,North Bus Depot,13.12689,80.263929,Solved,Low,0,72,Male,Wednesday,19,Hacking reported near Industrial Estate.
Trespassing,Public Order,2025-11-16,02:41:12,Zone 3,Industrial Estate,13.048478,80.328642,Solved,Low,0,43,Female,Sunday,2,Trespassing reported near University Gate.
Public Intoxication,Public Order,2026-04-11,19:23:59,Zone 4,Riverside Park,13.130267,80.233375,Solved,Low,0,50,Female,Saturday,19,Public Intoxication reported near Industrial Estate.
Shoplifting,Theft,2026-02-09,14:27:10,Zone 1,Lakeview Colony,13.113062,80.246948,Solved,Low,1,33,Other,Monday,14,Shoplifting reported near MG Road Junction.
Public Intoxication,Public Order,2025-10-27,23:09:54,Zone 1,Industrial Estate,13.099912,80.31571,Pending,Low,0,39,Female,Monday,23,Public Intoxication reported near Greenfield Sector 7.
Public Intoxication,Public Order,2026-01-06,20:36:08,Zone 1,University Gate,13.087414,80.254385,Solved,Medium,0,27,Female,Tuesday,20,Public Intoxication reported near Hilltop Avenue.
Shoplifting,Theft,2026-03-04,07:39:18,Zone 4,Riverside Park,13.113737,80.350481,Solved,Low,0,73,Other,Wednesday,7,Shoplifting reported near Railway Station Rd.
Identity Theft,Cybercrime,2025-07-18,13:18:57,Zone 1,Riverside Park,13.050693,80.215901,Pending,Medium,0,66,Female,Friday,13,Identity Theft reported near Hilltop Avenue.
Burglary,Theft,2026-05-06,17:01:23,Zone 2,Central Market,13.091343,80.249726,Pending,High,0,20,Female,Wednesday,17,Burglary reported near Lakeview Colony.
Drug Trafficking,Narcotics,2025-12-18,00:20:41,Zone 6,Hilltop Avenue,13.014566,80.265233,Under Investigation,Medium,0,56,Other,Thursday,0,Drug Trafficking reported near Riverside Park.
Vehicle Theft,Theft,2026-05-13,06:10:10,Zone 2,Central Market,13.054326,80.304193,Under Investigation,Low,1,32,Male,Wednesday,6,Vehicle Theft reported near Harbor Front.
Drug Trafficking,Narcotics,2025-09-04,01:41:10,Zone 5,Industrial Estate,13.097389,80.283603,Under Investigation,Low,0,69,Other,Thursday,1,Drug Trafficking reported near MG Road Junction.
Shoplifting,Theft,2025-08-17,16:26:39,Zone 1,Railway Station Rd,13.104939,80.270386,Under Investigation,Medium,0,31,Other,Sunday,16,Shoplifting reported near Lakeview Colony.
Trespassing,Public Order,2026-06-16,15:30:29,Zone 3,Industrial Estate,13.035344,80.287766,Pending,Low,0,41,Male,Tuesday,15,Trespassing reported near Industrial Estate.
Online Fraud,Cybercrime,2025-11-20,06:15:09,Zone 5,North Bus Depot,13.01819,80.237134,Pending,Low,0,71,Male,Thursday,6,Online Fraud reported near Industrial Estate.
Robbery,Violent Crime,2025-11-02,17:56:19,Zone 5,Greenfield Sector 7,13.082279,80.205108,Solved,High,1,38,Male,Sunday,17,Robbery reported near MG Road Junction.
Trespassing,Public Order,2025-08-05,12:00:54,Zone 3,MG Road Junction,13.0199,80.21213,Solved,Low,0,41,Male,Tuesday,12,Trespassing reported near Greenfield Sector 7.
Drug Trafficking,Narcotics,2026-06-08,09:48:35,Zone 5,Lakeview Colony,13.047455,80.348955,Under Investigation,Medium,0,39,Female,Monday,9,Drug Trafficking reported near Hilltop Avenue.
Domestic Violence,Violent Crime,2025-11-02,02:08:45,Zone 3,Industrial Estate,13.055987,80.266499,Pending,High,1,75,Other,Sunday,2,Domestic Violence reported near Industrial Estate.
Shoplifting,Theft,2025-09-15,13:32:34,Zone 2,Central Market,13.081075,80.280768,Solved,Medium,0,42,Other,Monday,13,Shoplifting reported near Old Town Square.
Pickpocketing,Theft,2026-03-02,17:49:37,Zone 6,Greenfield Sector 7,13.095122,80.306124,Pending,Medium,0,65,Female,Monday,17,Pickpocketing reported near Riverside Park.
Phishing,Cybercrime,2026-04-10,10:26:09,Zone 6,Railway Station Rd,13.068774,80.223323,Pending,Medium,0,71,Other,Friday,10,Phishing reported near University Gate.
Drug Possession,Narcotics,2025-10-01,23:30:33,Zone 1,Harbor Front,13.062992,80.34377,Pending,Medium,0,65,Other,Wednesday,23,Drug Possession reported near Harbor Front.
Hacking,Cybercrime,2026-04-09,06:19:14,Zone 6,University Gate,13.153338,80.347862,Pending,High,0,61,Female,Thursday,6,Hacking reported near Industrial Estate.
Homicide,Violent Crime,2026-02-19,18:34:24,Zone 4,MG Road Junction,13.146022,80.253825,Solved,Medium,1,34,Other,Thursday,18,Homicide reported near Central Market.
Hacking,Cybercrime,2026-03-29,19:17:59,Zone 3,North Bus Depot,13.092623,80.234159,Pending,Low,0,31,Male,Sunday,19,Hacking reported near Harbor Front.
Drug Possession,Narcotics,2026-06-20,05:45:30,Zone 5,Lakeview Colony,13.018787,80.314023,Under Investigation,Low,0,57,Female,Saturday,5,Drug Possession reported near Railway Station Rd.
Identity Theft,Cybercrime,2026-02-02,15:58:49,Zone 6,MG Road Junction,13.017014,80.282561,Pending,Medium,0,74,Male,Monday,15,Identity Theft reported near Lakeview Colony.
Pickpocketing,Theft,2025-11-05,21:55:59,Zone 2,Industrial Estate,13.049015,80.196695,Under Investigation,Low,0,34,Female,Wednesday,21,Pickpocketing reported near Harbor Front.
Drug Possession,Narcotics,2025-10-30,03:51:07,Zone 5,Industrial Estate,13.055609,80.307679,Solved,Medium,0,66,Female,Thursday,3,Drug Possession reported near Greenfield Sector 7.
Domestic Violence,Violent Crime,2025-12-09,13:25:42,Zone 6,Lakeview Colony,13.017962,80.34777,Solved,High,1,31,Female,Tuesday,13,Domestic Violence reported near Old Town Square.
Trespassing,Public Order,2025-09-26,11:23:44,Zone 3,University Gate,13.040508,80.297546,Pending,Medium,0,65,Female,Friday,11,Trespassing reported near University Gate.
Identity Theft,Cybercrime,2025-09-05,05:08:30,Zone 1,Hilltop Avenue,13.02721,80.310338,Solved,Medium,0,74,Female,Friday,5,Identity Theft reported near Hilltop Avenue.
Assault,Violent Crime,2025-10-19,18:23:04,Zone 6,Hilltop Avenue,13.149459,80.208653,Solved,Critical,1,25,Male,Sunday,18,Assault reported near Industrial Estate.
Drug Possession,Narcotics,2025-09-20,01:32:28,Zone 5,Railway Station Rd,13.132091,80.263249,Solved,Medium,0,59,Female,Saturday,1,Drug Possession reported near University Gate.
Vehicle Theft,Theft,2026-03-26,03:27:22,Zone 1,Railway Station Rd,13.114762,80.277286,Under Investigation,Low,1,18,Female,Thursday,3,Vehicle Theft reported near Lakeview Colony.
Public Intoxication,Public Order,2026-01-01,22:58:24,Zone 2,Industrial Estate,13.062803,80.299937,Pending,Medium,0,23,Male,Thursday,22,Public Intoxication reported near Hilltop Avenue.
Robbery,Violent Crime,2026-07-15,23:29:43,Zone 4,Riverside Park,13.117755,80.25856,Pending,High,0,33,Male,Wednesday,23,Robbery reported near University Gate.
Pickpocketing,Theft,2025-09-05,08:04:06,Zone 1,MG Road Junction,13.097731,80.262131,Solved,Medium,1,41,Female,Friday,8,Pickpocketing reported near North Bus Depot.
Drug Possession,Narcotics,2026-05-05,23:14:52,Zone 5,North Bus Depot,13.149324,80.282878,Under Investigation,Medium,0,35,Male,Tuesday,23,Drug Possession reported near Harbor Front.
Drug Trafficking,Narcotics,2026-02-26,12:37:56,Zone 5,Industrial Estate,13.120334,80.218721,Solved,Medium,0,57,Other,Thursday,12,Drug Trafficking reported near Lakeview Colony.
Drug Trafficking,Narcotics,2025-12-19,03:11:48,Zone 5,Railway Station Rd,13.088769,80.229255,Solved,Low,1,74,Male,Friday,3,Drug Trafficking reported near Hilltop Avenue.
Drug Possession,Narcotics,2025-12-30,03:21:41,Zone 4,MG Road Junction,13.015351,80.262666,Under Investigation,Low,0,33,Female,Tuesday,3,Drug Possession reported near Harbor Front.
Burglary,Theft,2025-09-18,07:13:55,Zone 5,University Gate,13.147825,80.23921,Solved,High,0,23,Other,Thursday,7,Burglary reported near Railway Station Rd.
Domestic Violence,Violent Crime,2026-03-15,13:18:24,Zone 2,Railway Station Rd,13.0773,80.294495,Under Investigation,Medium,1,22,Other,Sunday,13,Domestic Violence reported near Railway Station Rd.
Identity Theft,Cybercrime,2025-12-17,13:14:47,Zone 3,Lakeview Colony,13.026048,80.232424,Pending,High,0,34,Male,Wednesday,13,Identity Theft reported near North Bus Depot.
Trespassing,Public Order,2026-03-12,17:43:21,Zone 3,Riverside Park,13.043872,80.322155,Pending,Critical,0,62,Female,Thursday,17,Trespassing reported near Riverside Park.
Vandalism,Public Order,2025-10-11,23:33:02,Zone 2,Riverside Park,13.136951,80.202593,Solved,High,0,69,Other,Saturday,23,Vandalism reported near North Bus Depot.
Burglary,Theft,2025-10-30,10:39:40,Zone 1,Hilltop Avenue,13.109381,80.289343,Solved,Medium,0,42,Male,Thursday,10,Burglary reported near MG Road Junction.
Drug Trafficking,Narcotics,2026-07-07,20:43:27,Zone 5,North Bus Depot,13.131687,80.336264,Solved,Low,0,55,Other,Tuesday,20,Drug Trafficking reported near Old Town Square.
Public Intoxication,Public Order,2026-06-05,23:29:36,Zone 3,Harbor Front,13.041613,80.302258,Solved,Low,0,64,Male,Friday,23,Public Intoxication reported near Central Market.
Domestic Violence,Violent Crime,2026-06-17,00:10:05,Zone 4,Central Market,13.082677,80.260126,Under Investigation,Critical,1,73,Other,Wednesday,0,Domestic Violence reported near MG Road Junction.
Pickpocketing,Theft,2026-02-28,21:43:59,Zone 2,MG Road Junction,13.04756,80.277585,Under Investigation,Medium,0,29,Other,Saturday,21,Pickpocketing reported near Riverside Park.
Shoplifting,Theft,2026-04-23,08:53:54,Zone 6,University Gate,13.064965,80.334144,Solved,Low,0,62,Male,Thursday,8,Shoplifting reported near Hilltop Avenue.
Vehicle Theft,Theft,2025-12-05,17:21:38,Zone 6,Old Town Square,13.125741,80.343477,Solved,Low,0,66,Female,Friday,17,Vehicle Theft reported near Railway Station Rd.
Pickpocketing,Theft,2025-12-07,15:42:24,Zone 2,Riverside Park,13.016411,80.289679,Solved,Medium,0,40,Other,Sunday,15,Pickpocketing reported near Harbor Front.
Identity Theft,Cybercrime,2026-05-23,00:19:28,Zone 2,Railway Station Rd,13.060287,80.233863,Solved,Low,0,51,Other,Saturday,0,Identity Theft reported near Hilltop Avenue.
Assault,Violent Crime,2026-01-15,05:38:50,Zone 4,Hilltop Avenue,13.054609,80.252338,Solved,Medium,1,73,Male,Thursday,5,Assault reported near Greenfield Sector 7.
Drug Trafficking,Narcotics,2026-04-21,03:17:31,Zone 5,Industrial Estate,13.02605,80.217453,Pending,Low,0,32,Male,Tuesday,3,Drug Trafficking reported near University Gate.
Online Fraud,Cybercrime,2025-11-24,03:00:25,Zone 6,Industrial Estate,13.055855,80.289931,Solved,High,0,43,Other,Monday,3,Online Fraud reported near Greenfield Sector 7.
Burglary,Theft,2025-11-12,07:25:20,Zone 2,Lakeview Colony,13.049332,80.301893,Solved,Medium,0,33,Female,Wednesday,7,Burglary reported near Industrial Estate.
Robbery,Violent Crime,2025-07-31,01:46:29,Zone 1,Lakeview Colony,13.153576,80.224244,Solved,Critical,1,59,Female,Thursday,1,Robbery reported near Riverside Park.
Identity Theft,Cybercrime,2025-08-13,17:50:24,Zone 6,Hilltop Avenue,13.014534,80.349212,Solved,Medium,0,75,Other,Wednesday,17,Identity Theft reported near Lakeview Colony.
Drug Trafficking,Narcotics,2025-07-21,14:58:05,Zone 5,Greenfield Sector 7,13.020199,80.230417,Pending,Medium,0,57,Other,Monday,14,Drug Trafficking reported near Harbor Front.
Hacking,Cybercrime,2026-05-23,02:14:32,Zone 4,Industrial Estate,13.122196,80.279979,Solved,Medium,0,41,Female,Saturday,2,Hacking reported near Harbor Front.
Homicide,Violent Crime,2026-07-03,06:26:58,Zone 5,Railway Station Rd,13.156576,80.209271,Solved,Critical,0,66,Male,Friday,6,Homicide reported near Hilltop Avenue.
Assault,Violent Crime,2025-12-03,13:19:02,Zone 4,Riverside Park,13.13233,80.209114,Pending,Critical,1,75,Other,Wednesday,13,Assault reported near North Bus Depot.
Drug Possession,Narcotics,2026-01-27,05:29:14,Zone 5,University Gate,13.130341,80.291462,Solved,Low,0,55,Male,Tuesday,5,Drug Possession reported near Railway Station Rd.
Drug Possession,Narcotics,2025-07-21,02:48:45,Zone 5,Industrial Estate,13.132097,80.20071,Solved,Low,1,28,Female,Monday,2,Drug Possession reported near Central Market.
Trespassing,Public Order,2025-08-22,18:39:25,Zone 3,University Gate,13.096621,80.246368,Under Investigation,High,0,67,Female,Friday,18,Trespassing reported near Greenfield Sector 7.
Drug Possession,Narcotics,2026-02-06,03:07:11,Zone 5,Lakeview Colony,13.062429,80.213317,Pending,Low,0,27,Female,Friday,3,Drug Possession reported near Harbor Front.
Robbery,Violent Crime,2025-11-08,07:20:53,Zone 5,Lakeview Colony,13.07486,80.199278,Solved,High,0,51,Other,Saturday,7,Robbery reported near Harbor Front.
Domestic Violence,Violent Crime,2025-12-15,17:05:36,Zone 4,Riverside Park,13.007638,80.312469,Pending,Medium,0,65,Female,Monday,17,Domestic Violence reported near Greenfield Sector 7.
Trespassing,Public Order,2025-10-28,18:17:49,Zone 6,Railway Station Rd,13.089597,80.349243,Pending,Medium,0,50,Male,Tuesday,18,Trespassing reported near Lakeview Colony.
Homicide,Violent Crime,2026-06-29,12:55:52,Zone 1,University Gate,13.016617,80.329146,Solved,Medium,1,53,Other,Monday,12,Homicide reported near Industrial Estate.
Vandalism,Public Order,2025-09-04,20:52:13,Zone 6,University Gate,13.13157,80.281912,Solved,Medium,0,34,Female,Thursday,20,Vandalism reported near Greenfield Sector 7.
Drug Possession,Narcotics,2026-05-07,22:17:55,Zone 3,North Bus Depot,13.107643,80.302928,Solved,Low,0,64,Other,Thursday,22,Drug Possession reported near Lakeview Colony.
Homicide,Violent Crime,2025-08-28,15:04:40,Zone 4,Industrial Estate,13.129836,80.313721,Pending,High,1,45,Female,Thursday,15,Homicide reported near Industrial Estate.
Drug Possession,Narcotics,2025-11-23,18:22:54,Zone 5,Old Town Square,13.012833,80.276208,Solved,Low,0,36,Female,Sunday,18,Drug Possession reported near Industrial Estate.
Drug Trafficking,Narcotics,2026-01-22,00:40:50,Zone 5,Lakeview Colony,13.136572,80.193305,Pending,High,0,28,Other,Thursday,0,Drug Trafficking reported near Riverside Park.
Identity Theft,Cybercrime,2026-05-29,08:05:23,Zone 6,University Gate,13.109021,80.294526,Pending,Low,0,60,Male,Friday,8,Identity Theft reported near Lakeview Colony.
Phishing,Cybercrime,2026-07-16,11:08:37,Zone 6,Central Market,13.038891,80.299497,Pending,Low,0,71,Female,Thursday,11,Phishing reported near University Gate.
Burglary,Theft,2026-01-01,16:06:06,Zone 2,Riverside Park,13.052836,80.331658,Pending,Low,0,57,Other,Thursday,16,Burglary reported near Riverside Park.
Vehicle Theft,Theft,2025-09-06,06:22:46,Zone 1,North Bus Depot,13.036789,80.310423,Solved,High,0,21,Male,Saturday,6,Vehicle Theft reported near Riverside Park.
Public Intoxication,Public Order,2025-12-08,21:15:17,Zone 1,University Gate,13.105839,80.230407,Solved,Medium,0,17,Other,Monday,21,Public Intoxication reported near Old Town Square.
Burglary,Theft,2025-12-28,15:50:57,Zone 2,Central Market,13.129704,80.228995,Pending,Low,0,49,Male,Sunday,15,Burglary reported near Industrial Estate.
Trespassing,Public Order,2025-12-12,17:11:48,Zone 3,North Bus Depot,13.078062,80.348679,Solved,Low,0,18,Male,Friday,17,Trespassing reported near Lakeview Colony.
Drug Trafficking,Narcotics,2025-12-11,01:34:34,Zone 5,Riverside Park,13.101268,80.235095,Solved,Low,0,50,Female,Thursday,1,Drug Trafficking reported near Lakeview Colony.
Shoplifting,Theft,2025-07-23,16:54:15,Zone 5,Old Town Square,13.011965,80.204494,Pending,Low,0,58,Other,Wednesday,16,Shoplifting reported near Harbor Front.
Phishing,Cybercrime,2025-07-19,16:10:31,Zone 6,Riverside Park,13.155183,80.274381,Pending,High,0,39,Male,Saturday,16,Phishing reported near University Gate.
Vehicle Theft,Theft,2026-01-25,08:04:16,Zone 3,Railway Station Rd,13.116672,80.282964,Solved,Low,0,70,Other,Sunday,8,Vehicle Theft reported near Riverside Park.
Vandalism,Public Order,2025-09-26,10:32:00,Zone 3,Riverside Park,13.009746,80.328769,Solved,Low,0,27,Male,Friday,10,Vandalism reported near Hilltop Avenue.
Vandalism,Public Order,2026-02-02,14:46:20,Zone 6,Riverside Park,13.046101,80.203162,Under Investigation,Low,0,30,Other,Monday,14,Vandalism reported near MG Road Junction.
Domestic Violence,Violent Crime,2026-02-21,13:35:29,Zone 4,Railway Station Rd,13.003975,80.222807,Pending,High,0,39,Other,Saturday,13,Domestic Violence reported near Railway Station Rd.
Drug Possession,Narcotics,2026-04-30,22:01:14,Zone 2,Harbor Front,13.089347,80.292451,Solved,Medium,0,40,Other,Thursday,22,Drug Possession reported near University Gate.
Trespassing,Public Order,2026-03-16,16:03:09,Zone 3,University Gate,13.116564,80.205584,Pending,High,1,73,Female,Monday,16,Trespassing reported near Railway Station Rd.
Phishing,Cybercrime,2025-10-31,15:25:04,Zone 6,Old Town Square,13.097403,80.200665,Solved,Medium,0,32,Female,Friday,15,Phishing reported near Lakeview Colony.
Identity Theft,Cybercrime,2025-11-27,05:12:08,Zone 6,Railway Station Rd,13.12749,80.284253,Solved,Low,0,36,Female,Thursday,5,Identity Theft reported near Central Market.
Drug Possession,Narcotics,2025-11-26,06:54:07,Zone 5,North Bus Depot,13.017167,80.319916,Pending,Low,0,69,Female,Wednesday,6,Drug Possession reported near Riverside Park.
Hacking,Cybercrime,2025-10-27,16:16:52,Zone 1,University Gate,13.161208,80.195673,Pending,Medium,0,51,Male,Monday,16,Hacking reported near Central Market.
Robbery,Violent Crime,2026-05-15,03:49:14,Zone 4,Greenfield Sector 7,13.023614,80.322488,Pending,High,1,53,Female,Friday,3,Robbery reported near Central Market.
Domestic Violence,Violent Crime,2026-05-12,22:53:51,Zone 1,University Gate,13.055748,80.197531,Pending,High,0,41,Female,Tuesday,22,Domestic Violence reported near MG Road Junction.
Homicide,Violent Crime,2026-03-29,12:28:56,Zone 4,Hilltop Avenue,13.026481,80.288957,Pending,High,1,46,Male,Sunday,12,Homicide reported near Central Market.
Public Intoxication,Public Order,2026-04-04,22:33:15,Zone 3,Industrial Estate,13.103621,80.319047,Pending,Medium,1,46,Other,Saturday,22,Public Intoxication reported near Railway Station Rd.
Drug Trafficking,Narcotics,2025-12-30,02:20:38,Zone 3,Hilltop Avenue,13.037743,80.334022,Under Investigation,Medium,0,38,Other,Tuesday,2,Drug Trafficking reported near North Bus Depot.
Burglary,Theft,2026-03-01,17:58:47,Zone 2,Industrial Estate,13.011645,80.350123,Pending,Low,0,75,Male,Sunday,17,Burglary reported near Riverside Park.
Phishing,Cybercrime,2025-07-20,22:36:09,Zone 2,Railway Station Rd,13.092797,80.220817,Under Investigation,Critical,0,50,Female,Sunday,22,Phishing reported near Riverside Park.
Assault,Violent Crime,2026-03-18,10:33:30,Zone 4,Industrial Estate,13.002809,80.337563,Pending,Medium,0,19,Male,Wednesday,10,Assault reported near Riverside Park.
Assault,Violent Crime,2025-10-19,23:23:45,Zone 5,Riverside Park,13.153408,80.253995,Solved,Medium,0,62,Female,Sunday,23,Assault reported near Harbor Front.
Homicide,Violent Crime,2026-03-23,21:24:19,Zone 4,Greenfield Sector 7,13.120139,80.237823,Pending,Medium,0,41,Other,Monday,21,Homicide reported near MG Road Junction.
Drug Possession,Narcotics,2025-08-22,01:31:09,Zone 2,Central Market,13.055687,80.203149,Pending,Low,0,68,Other,Friday,1,Drug Possession reported near Harbor Front.
Hacking,Cybercrime,2026-07-11,05:44:04,Zone 6,Railway Station Rd,13.058777,80.316623,Solved,Medium,0,62,Female,Saturday,5,Hacking reported near Riverside Park.
Domestic Violence,Violent Crime,2026-01-17,15:53:30,Zone 4,MG Road Junction,13.128897,80.283189,Pending,Critical,0,34,Male,Saturday,15,Domestic Violence reported near Industrial Estate.
Shoplifting,Theft,2026-04-19,06:04:35,Zone 3,University Gate,13.153393,80.347187,Under Investigation,Low,1,17,Female,Sunday,6,Shoplifting reported near Harbor Front.
Vandalism,Public Order,2026-06-19,12:12:26,Zone 2,North Bus Depot,13.114251,80.306226,Solved,Medium,0,22,Male,Friday,12,Vandalism reported near Lakeview Colony.
Drug Trafficking,Narcotics,2026-04-29,04:27:05,Zone 5,Riverside Park,13.049828,80.296623,Solved,Medium,0,56,Female,Wednesday,4,Drug Trafficking reported near Central Market.
Hacking,Cybercrime,2025-11-16,21:16:05,Zone 4,Riverside Park,13.105399,80.252704,Solved,Low,0,44,Male,Sunday,21,Hacking reported near Old Town Square.
Robbery,Violent Crime,2026-02-28,03:48:44,Zone 4,Greenfield Sector 7,13.109495,80.204413,Under Investigation,Medium,1,30,Other,Saturday,3,Robbery reported near MG Road Junction.
Trespassing,Public Order,2025-07-29,18:15:30,Zone 4,Hilltop Avenue,13.050516,80.253869,Pending,High,0,67,Other,Tuesday,18,Trespassing reported near Harbor Front.
Drug Trafficking,Narcotics,2026-04-19,23:51:12,Zone 5,Harbor Front,13.02289,80.25844,Under Investigation,Critical,0,25,Other,Sunday,23,Drug Trafficking reported near Old Town Square.
Vehicle Theft,Theft,2025-12-29,11:20:54,Zone 3,Hilltop Avenue,13.046892,80.264005,Pending,High,0,66,Female,Monday,11,Vehicle Theft reported near Central Market.
Assault,Violent Crime,2026-05-22,21:50:18,Zone 4,Greenfield Sector 7,13.141496,80.331522,Pending,Critical,0,54,Female,Friday,21,Assault reported near MG Road Junction.
Burglary,Theft,2025-09-02,15:25:02,Zone 2,Old Town Square,13.066027,80.331333,Pending,Medium,0,73,Female,Tuesday,15,Burglary reported near MG Road Junction.
Identity Theft,Cybercrime,2026-02-22,20:43:06,Zone 3,Industrial Estate,13.158299,80.227173,Pending,Low,0,33,Other,Sunday,20,Identity Theft reported near Lakeview Colony.
Domestic Violence,Violent Crime,2026-03-29,20:48:33,Zone 5,Hilltop Avenue,13.14145,80.322063,Solved,High,0,41,Male,Sunday,20,Domestic Violence reported near Hilltop Avenue.
Drug Possession,Narcotics,2026-04-05,03:29:03,Zone 5,Harbor Front,13.149585,80.303441,Pending,Low,0,75,Male,Sunday,3,Drug Possession reported near Harbor Front.
Pickpocketing,Theft,2025-09-14,07:55:30,Zone 1,University Gate,13.096601,80.246662,Pending,Low,1,21,Female,Sunday,7,Pickpocketing reported near MG Road Junction.
Robbery,Violent Crime,2026-03-24,11:13:17,Zone 4,Railway Station Rd,13.106954,80.272825,Pending,Critical,1,74,Male,Tuesday,11,Robbery reported near Harbor Front.
Burglary,Theft,2026-03-08,17:19:45,Zone 2,Old Town Square,13.157424,80.293538,Solved,Low,0,29,Female,Sunday,17,Burglary reported near Old Town Square.
Hacking,Cybercrime,2025-09-20,00:42:53,Zone 6,Harbor Front,13.137001,80.280533,Solved,Medium,0,22,Female,Saturday,0,Hacking reported near Central Market.
Identity Theft,Cybercrime,2026-03-04,17:57:41,Zone 3,Greenfield Sector 7,13.050507,80.214689,Under Investigation,High,0,41,Other,Wednesday,17,Identity Theft reported near Industrial Estate.
Phishing,Cybercrime,2025-08-14,23:16:58,Zone 6,Greenfield Sector 7,13.069671,80.252824,Pending,Low,0,68,Male,Thursday,23,Phishing reported near Industrial Estate.
Drug Trafficking,Narcotics,2025-08-06,09:54:10,Zone 6,Old Town Square,13.137202,80.330939,Solved,Low,0,62,Other,Wednesday,9,Drug Trafficking reported near Riverside Park.
Burglary,Theft,2026-01-16,16:19:26,Zone 6,Railway Station Rd,13.128794,80.243711,Under Investigation,Low,0,19,Other,Friday,16,Burglary reported near Greenfield Sector 7.
Pickpocketing,Theft,2026-04-07,05:43:24,Zone 5,Industrial Estate,13.087474,80.256797,Under Investigation,High,0,42,Other,Tuesday,5,Pickpocketing reported near Railway Station Rd.
Burglary,Theft,2026-06-04,09:11:20,Zone 2,Riverside Park,13.10422,80.191454,Solved,Low,0,47,Male,Thursday,9,Burglary reported near Riverside Park.
Drug Trafficking,Narcotics,2025-12-21,23:24:00,Zone 5,Hilltop Avenue,13.008736,80.222606,Solved,Low,0,28,Male,Sunday,23,Drug Trafficking reported near Harbor Front.
Robbery,Violent Crime,2025-07-25,13:06:24,Zone 1,Railway Station Rd,13.083234,80.239678,Under Investigation,Low,0,62,Other,Friday,13,Robbery reported near Greenfield Sector 7.
Drug Possession,Narcotics,2026-01-21,04:12:10,Zone 5,Riverside Park,13.154393,80.337613,Pending,Low,0,29,Other,Wednesday,4,Drug Possession reported near MG Road Junction.
Drug Possession,Narcotics,2026-01-09,20:24:56,Zone 5,Central Market,13.105151,80.3141,Solved,Medium,0,57,Male,Friday,20,Drug Possession reported near MG Road Junction.
Hacking,Cybercrime,2026-01-03,13:30:44,Zone 6,Harbor Front,13.0272,80.301931,Solved,Medium,0,22,Other,Saturday,13,Hacking reported near Hilltop Avenue.
Domestic Violence,Violent Crime,2026-05-23,20:07:18,Zone 3,Hilltop Avenue,13.020942,80.207702,Solved,Medium,0,28,Female,Saturday,20,Domestic Violence reported near University Gate.
Assault,Violent Crime,2025-10-08,22:44:59,Zone 4,Greenfield Sector 7,13.079606,80.228221,Solved,Low,0,58,Female,Wednesday,22,Assault reported near Riverside Park.
Vehicle Theft,Theft,2026-03-06,08:18:16,Zone 1,Harbor Front,13.076984,80.206669,Solved,Low,0,36,Female,Friday,8,Vehicle Theft reported near University Gate.
Vehicle Theft,Theft,2026-07-12,15:10:21,Zone 1,Industrial Estate,13.059904,80.260734,Solved,Medium,1,27,Male,Sunday,15,Vehicle Theft reported near Lakeview Colony.
Hacking,Cybercrime,2025-07-27,19:41:56,Zone 4,Riverside Park,13.130206,80.208789,Solved,Medium,0,22,Female,Sunday,19,Hacking reported near Greenfield Sector 7.
Vandalism,Public Order,2025-09-06,20:39:01,Zone 4,Railway Station Rd,13.140712,80.331492,Pending,Medium,1,23,Female,Saturday,20,Vandalism reported near Railway Station Rd.
Shoplifting,Theft,2026-07-09,16:36:46,Zone 1,University Gate,13.093102,80.347163,Pending,Medium,0,55,Male,Thursday,16,Shoplifting reported near Lakeview Colony.
Public Intoxication,Public Order,2025-08-10,14:53:52,Zone 6,Railway Station Rd,13.092035,80.348747,Solved,Low,0,70,Female,Sunday,14,Public Intoxication reported near Riverside Park.
Online Fraud,Cybercrime,2026-01-28,01:14:35,Zone 1,Greenfield Sector 7,13.105631,80.255224,Pending,Low,0,44,Male,Wednesday,1,Online Fraud reported near Railway Station Rd.
Domestic Violence,Violent Crime,2025-08-16,06:26:02,Zone 4,Old Town Square,13.091841,80.190727,Pending,Low,1,72,Other,Saturday,6,Domestic Violence reported near Hilltop Avenue.
Public Intoxication,Public Order,2026-01-11,21:54:29,Zone 2,Railway Station Rd,13.055816,80.313487,Solved,Medium,0,23,Male,Sunday,21,Public Intoxication reported near Harbor Front.
Shoplifting,Theft,2025-08-26,13:23:44,Zone 2,Lakeview Colony,13.019712,80.3342,Pending,Medium,0,22,Female,Tuesday,13,Shoplifting reported near Greenfield Sector 7.
Pickpocketing,Theft,2026-03-27,17:12:45,Zone 2,Central Market,13.056769,80.311844,Pending,Low,0,65,Female,Friday,17,Pickpocketing reported near Railway Station Rd.
Drug Possession,Narcotics,2025-11-03,10:03:35,Zone 6,Riverside Park,13.152349,80.324911,Under Investigation,Medium,0,60,Other,Monday,10,Drug Possession reported near Riverside Park.
Pickpocketing,Theft,2025-08-13,14:20:32,Zone 6,Lakeview Colony,13.143722,80.257686,Solved,Medium,0,37,Female,Wednesday,14,Pickpocketing reported near Railway Station Rd.
Shoplifting,Theft,2025-07-21,18:45:47,Zone 2,Industrial Estate,13.152382,80.291913,Solved,Low,0,74,Other,Monday,18,Shoplifting reported near Riverside Park.
Homicide,Violent Crime,2025-07-18,21:35:30,Zone 6,Hilltop Avenue,13.095949,80.341528,Under Investigation,High,1,34,Female,Friday,21,Homicide reported near MG Road Junction.
Drug Trafficking,Narcotics,2026-05-03,18:12:17,Zone 5,University Gate,13.12273,80.21645,Under Investigation,Low,0,66,Female,Sunday,18,Drug Trafficking reported near North Bus Depot.
Drug Trafficking,Narcotics,2026-05-24,21:47:35,Zone 5,University Gate,13.141075,80.309486,Pending,Medium,0,34,Other,Sunday,21,Drug Trafficking reported near Harbor Front.
Public Intoxication,Public Order,2025-07-30,23:03:00,Zone 1,North Bus Depot,13.121687,80.223194,Solved,High,1,74,Other,Wednesday,23,Public Intoxication reported near University Gate.
Drug Possession,Narcotics,2026-04-08,05:43:04,Zone 6,Hilltop Avenue,13.032616,80.218507,Solved,Medium,0,32,Male,Wednesday,5,Drug Possession reported near Riverside Park.
Shoplifting,Theft,2025-11-20,01:59:20,Zone 5,Greenfield Sector 7,13.098201,80.314486,Solved,Medium,0,51,Female,Thursday,1,Shoplifting reported near Central Market.
Online Fraud,Cybercrime,2026-04-12,01:32:10,Zone 6,North Bus Depot,13.069249,80.276626,Solved,Low,0,58,Female,Sunday,1,Online Fraud reported near Industrial Estate.
Trespassing,Public Order,2025-10-17,23:52:48,Zone 3,Greenfield Sector 7,13.159681,80.192109,Under Investigation,Medium,0,74,Other,Friday,23,Trespassing reported near North Bus Depot.
Hacking,Cybercrime,2026-05-18,06:46:18,Zone 1,Hilltop Avenue,13.006653,80.273399,Pending,High,0,44,Female,Monday,6,Hacking reported near MG Road Junction.
Homicide,Violent Crime,2025-10-26,23:10:49,Zone 3,Harbor Front,13.088776,80.191873,Pending,Low,1,43,Male,Sunday,23,Homicide reported near North Bus Depot.
Trespassing,Public Order,2026-06-10,01:45:21,Zone 5,North Bus Depot,13.008762,80.20242,Solved,Low,0,74,Female,Wednesday,1,Trespassing reported near Lakeview Colony.
Domestic Violence,Violent Crime,2025-12-06,01:43:07,Zone 4,University Gate,13.088273,80.293328,Pending,High,1,70,Male,Saturday,1,Domestic Violence reported near Industrial Estate.
Drug Trafficking,Narcotics,2025-09-09,03:59:28,Zone 5,University Gate,13.063726,80.32224,Solved,Low,0,41,Other,Tuesday,3,Drug Trafficking reported near Old Town Square.
Identity Theft,Cybercrime,2026-07-10,20:09:07,Zone 6,Central Market,13.009384,80.282335,Pending,Low,0,35,Male,Friday,20,Identity Theft reported near University Gate.
Online Fraud,Cybercrime,2025-12-16,20:09:10,Zone 6,Harbor Front,13.032139,80.289402,Solved,Low,0,67,Other,Tuesday,20,Online Fraud reported near MG Road Junction.
Drug Possession,Narcotics,2026-02-18,03:12:46,Zone 5,Old Town Square,13.095595,80.342946,Solved,Low,0,55,Male,Wednesday,3,Drug Possession reported near North Bus Depot.
Public Intoxication,Public Order,2025-09-03,19:09:36,Zone 3,North Bus Depot,13.093398,80.319932,Solved,Critical,0,61,Other,Wednesday,19,Public Intoxication reported near Harbor Front.
Homicide,Violent Crime,2026-05-08,22:29:28,Zone 4,Old Town Square,13.060099,80.239575,Pending,High,0,70,Male,Friday,22,Homicide reported near Hilltop Avenue.
Vehicle Theft,Theft,2026-06-08,18:40:01,Zone 2,Old Town Square,13.132723,80.283324,Solved,Medium,0,50,Other,Monday,18,Vehicle Theft reported near Railway Station Rd.
Hacking,Cybercrime,2026-03-23,17:18:08,Zone 6,Harbor Front,13.077052,80.272366,Pending,Low,0,31,Other,Monday,17,Hacking reported near Harbor Front.
Domestic Violence,Violent Crime,2026-04-26,18:36:42,Zone 2,Railway Station Rd,13.142251,80.214092,Solved,High,1,30,Male,Sunday,18,Domestic Violence reported near Old Town Square.
Trespassing,Public Order,2026-04-01,22:23:24,Zone 3,University Gate,13.077848,80.263443,Solved,Low,1,49,Other,Wednesday,22,Trespassing reported near Old Town Square.
Online Fraud,Cybercrime,2026-01-04,09:37:41,Zone 6,North Bus Depot,13.146416,80.203154,Under Investigation,Low,0,49,Female,Sunday,9,Online Fraud reported near Industrial Estate.
Public Intoxication,Public Order,2025-09-10,16:08:28,Zone 3,Industrial Estate,13.029197,80.203034,Solved,Medium,0,54,Other,Wednesday,16,Public Intoxication reported near Central Market.
Identity Theft,Cybercrime,2026-05-18,16:30:13,Zone 6,Riverside Park,13.097227,80.294261,Solved,Medium,0,52,Other,Monday,16,Identity Theft reported near Riverside Park.
Burglary,Theft,2026-06-18,08:11:33,Zone 2,Harbor Front,13.156018,80.286597,Pending,Medium,0,68,Female,Thursday,8,Burglary reported near Central Market.
Pickpocketing,Theft,2025-11-12,07:26:38,Zone 2,Riverside Park,13.025534,80.283923,Pending,Medium,0,62,Other,Wednesday,7,Pickpocketing reported near Industrial Estate.
Burglary,Theft,2026-01-03,06:01:12,Zone 4,Riverside Park,13.086334,80.336194,Pending,Medium,0,46,Other,Saturday,6,Burglary reported near Greenfield Sector 7.
Drug Possession,Narcotics,2026-05-29,18:57:38,Zone 1,Lakeview Colony,13.088986,80.190892,Solved,High,0,39,Male,Friday,18,Drug Possession reported near University Gate.
Drug Trafficking,Narcotics,2026-01-01,14:47:58,Zone 5,North Bus Depot,13.124546,80.302173,Pending,Low,0,74,Male,Thursday,14,Drug Trafficking reported near Old Town Square.
Public Intoxication,Public Order,2026-04-11,19:50:00,Zone 5,Industrial Estate,13.095178,80.209553,Pending,Low,0,42,Female,Saturday,19,Public Intoxication reported near Central Market.
Shoplifting,Theft,2026-03-04,11:23:39,Zone 2,Railway Station Rd,13.04679,80.299597,Pending,Medium,0,27,Female,Wednesday,11,Shoplifting reported near Hilltop Avenue.
Drug Trafficking,Narcotics,2025-09-23,20:25:47,Zone 5,Riverside Park,13.024791,80.328913,Pending,Low,0,22,Male,Tuesday,20,Drug Trafficking reported near Hilltop Avenue.
Drug Possession,Narcotics,2026-04-24,23:00:51,Zone 4,North Bus Depot,13.017274,80.213953,Solved,High,0,39,Male,Friday,23,Drug Possession reported near Greenfield Sector 7.
Trespassing,Public Order,2025-08-14,12:38:03,Zone 1,Harbor Front,13.154015,80.321937,Solved,Medium,0,75,Other,Thursday,12,Trespassing reported near Old Town Square.
Burglary,Theft,2025-09-05,15:23:15,Zone 2,Harbor Front,13.107503,80.346803,Solved,Low,0,41,Female,Friday,15,Burglary reported near Greenfield Sector 7.
Vehicle Theft,Theft,2026-05-30,09:53:35,Zone 2,North Bus Depot,13.149101,80.246395,Pending,Critical,0,45,Female,Saturday,9,Vehicle Theft reported near Greenfield Sector 7.
Pickpocketing,Theft,2025-10-30,13:32:18,Zone 1,Greenfield Sector 7,13.057095,80.209421,Pending,Medium,0,32,Other,Thursday,13,Pickpocketing reported near Railway Station Rd.
Homicide,Violent Crime,2025-11-23,22:55:01,Zone 4,University Gate,13.079815,80.231951,Solved,High,1,30,Female,Sunday,22,Homicide reported near Lakeview Colony.
Vandalism,Public Order,2025-07-23,10:05:25,Zone 3,Industrial Estate,13.110492,80.322072,Pending,Low,1,29,Other,Wednesday,10,Vandalism reported near Old Town Square.
Domestic Violence,Violent Crime,2026-04-05,20:55:16,Zone 2,Central Market,13.035785,80.223143,Solved,Medium,1,23,Male,Sunday,20,Domestic Violence reported near Harbor Front.
Phishing,Cybercrime,2025-10-12,20:23:39,Zone 6,Old Town Square,13.053167,80.334399,Pending,High,0,47,Male,Sunday,20,Phishing reported near Hilltop Avenue.
Trespassing,Public Order,2026-05-12,17:27:30,Zone 3,Railway Station Rd,13.153045,80.19591,Pending,Low,1,23,Other,Tuesday,17,Trespassing reported near Hilltop Avenue.
Assault,Violent Crime,2026-07-10,15:06:20,Zone 4,Greenfield Sector 7,13.060556,80.328595,Solved,Medium,0,37,Female,Friday,15,Assault reported near Riverside Park.
Domestic Violence,Violent Crime,2025-07-22,14:25:17,Zone 4,University Gate,13.074817,80.282126,Under Investigation,Critical,1,33,Male,Tuesday,14,Domestic Violence reported near Hilltop Avenue.
Robbery,Violent Crime,2026-04-30,21:11:26,Zone 4,Railway Station Rd,13.082636,80.34999,Pending,Critical,1,35,Female,Thursday,21,Robbery reported near Hilltop Avenue.
Drug Possession,Narcotics,2025-07-28,00:52:16,Zone 5,Hilltop Avenue,13.078946,80.291478,Solved,Low,0,51,Female,Monday,0,Drug Possession reported near Industrial Estate.
Shoplifting,Theft,2025-08-02,07:36:41,Zone 1,Railway Station Rd,13.106561,80.218626,Pending,Medium,0,65,Other,Saturday,7,Shoplifting reported near Railway Station Rd.
Shoplifting,Theft,2025-11-20,22:55:10,Zone 1,Central Market,13.105193,80.339271,Solved,Low,0,21,Male,Thursday,22,Shoplifting reported near Industrial Estate.
Shoplifting,Theft,2025-07-18,14:25:17,Zone 2,Railway Station Rd,13.144731,80.315656,Pending,High,0,42,Male,Friday,14,Shoplifting reported near Riverside Park.
Burglary,Theft,2025-08-12,21:44:47,Zone 1,Hilltop Avenue,13.01551,80.217406,Under Investigation,Low,0,19,Male,Tuesday,21,Burglary reported near Lakeview Colony.
Vehicle Theft,Theft,2026-03-03,06:41:59,Zone 5,Riverside Park,13.144375,80.240199,Pending,Low,0,49,Male,Tuesday,6,Vehicle Theft reported near MG Road Junction.
Hacking,Cybercrime,2025-11-18,22:35:28,Zone 1,Railway Station Rd,13.024318,80.342458,Pending,Medium,0,56,Other,Tuesday,22,Hacking reported near Harbor Front.
Drug Trafficking,Narcotics,2026-01-19,11:51:05,Zone 5,Riverside Park,13.073398,80.249225,Solved,Low,0,38,Female,Monday,11,Drug Trafficking reported near Railway Station Rd.
Drug Trafficking,Narcotics,2025-11-14,00:27:51,Zone 5,Hilltop Avenue,13.049568,80.227694,Solved,Low,0,43,Female,Friday,0,Drug Trafficking reported near North Bus Depot.
Public Intoxication,Public Order,2026-03-26,04:40:15,Zone 2,Harbor Front,13.085358,80.318693,Solved,Medium,0,63,Other,Thursday,4,Public Intoxication reported near Old Town Square.
Assault,Violent Crime,2026-04-14,12:40:29,Zone 4,MG Road Junction,13.101537,80.234241,Solved,High,0,50,Male,Tuesday,12,Assault reported near Riverside Park.
Burglary,Theft,2025-12-04,08:09:00,Zone 1,Railway Station Rd,13.081673,80.245406,Under Investigation,Low,0,60,Male,Thursday,8,Burglary reported near Industrial Estate.
Assault,Violent Crime,2026-03-01,04:30:11,Zone 1,University Gate,13.033451,80.325346,Solved,Critical,1,31,Female,Sunday,4,Assault reported near Railway Station Rd.
Burglary,Theft,2025-11-23,13:13:30,Zone 2,University Gate,13.06496,80.344494,Pending,High,0,75,Other,Sunday,13,Burglary reported near Hilltop Avenue.
Shoplifting,Theft,2026-04-05,19:55:42,Zone 1,Old Town Square,13.037546,80.208769,Solved,Medium,0,53,Male,Sunday,19,Shoplifting reported near Lakeview Colony.
Vehicle Theft,Theft,2025-09-21,15:09:23,Zone 2,Harbor Front,13.126028,80.230496,Solved,Medium,0,19,Male,Sunday,15,Vehicle Theft reported near Industrial Estate.
Phishing,Cybercrime,2026-05-12,05:35:50,Zone 6,MG Road Junction,13.105843,80.246271,Pending,High,0,60,Female,Tuesday,5,Phishing reported near Industrial Estate.
Phishing,Cybercrime,2025-11-09,13:34:44,Zone 6,Railway Station Rd,13.081115,80.281372,Solved,Medium,0,33,Other,Sunday,13,Phishing reported near Hilltop Avenue.
Burglary,Theft,2025-11-28,17:34:23,Zone 2,Greenfield Sector 7,13.075353,80.314847,Under Investigation,Medium,0,70,Female,Friday,17,Burglary reported near Greenfield Sector 7.
Vehicle Theft,Theft,2025-08-12,17:12:33,Zone 2,Industrial Estate,13.112016,80.313217,Solved,Low,0,23,Male,Tuesday,17,Vehicle Theft reported near Hilltop Avenue.
Online Fraud,Cybercrime,2026-04-16,04:31:12,Zone 6,Hilltop Avenue,13.018501,80.282062,Pending,High,0,55,Other,Thursday,4,Online Fraud reported near Greenfield Sector 7.
Vandalism,Public Order,2025-09-09,00:58:13,Zone 3,Industrial Estate,13.10762,80.339245,Pending,High,0,51,Other,Tuesday,0,Vandalism reported near Lakeview Colony.
Shoplifting,Theft,2025-10-19,16:53:19,Zone 3,Lakeview Colony,13.01517,80.225244,Solved,Medium,0,28,Male,Sunday,16,Shoplifting reported near Hilltop Avenue.
Online Fraud,Cybercrime,2025-10-03,09:06:49,Zone 6,Central Market,13.10488,80.247974,Pending,Medium,0,26,Male,Friday,9,Online Fraud reported near Hilltop Avenue.
Robbery,Violent Crime,2025-10-15,16:22:57,Zone 4,Lakeview Colony,13.053125,80.349334,Pending,Medium,1,68,Other,Wednesday,16,Robbery reported near Industrial Estate.
Drug Possession,Narcotics,2026-01-04,22:16:23,Zone 5,Greenfield Sector 7,13.156564,80.2623,Under Investigation,Low,0,17,Other,Sunday,22,Drug Possession reported near Riverside Park.
Vandalism,Public Order,2026-03-28,01:52:44,Zone 3,Central Market,13.134274,80.337758,Pending,Medium,0,18,Female,Saturday,1,Vandalism reported near Industrial Estate.
Shoplifting,Theft,2025-09-21,08:51:19,Zone 2,Railway Station Rd,13.017405,80.254668,Pending,High,0,27,Female,Sunday,8,Shoplifting reported near University Gate.
Shoplifting,Theft,2026-06-26,10:49:03,Zone 6,Central Market,13.150199,80.244202,Under Investigation,High,0,71,Male,Friday,10,Shoplifting reported near University Gate.
Pickpocketing,Theft,2026-06-18,13:20:34,Zone 6,Lakeview Colony,13.093086,80.242993,Pending,Medium,0,44,Other,Thursday,13,Pickpocketing reported near Greenfield Sector 7.
Drug Trafficking,Narcotics,2026-02-17,01:21:05,Zone 5,Lakeview Colony,13.078837,80.30995,Solved,Medium,0,65,Other,Tuesday,1,Drug Trafficking reported near Riverside Park.
Burglary,Theft,2025-11-08,15:12:35,Zone 2,Industrial Estate,13.101259,80.308407,Pending,Low,0,59,Other,Saturday,15,Burglary reported near Central Market.
Public Intoxication,Public Order,2026-01-19,12:38:41,Zone 1,Railway Station Rd,13.006573,80.239471,Under Investigation,Critical,0,55,Male,Monday,12,Public Intoxication reported near Railway Station Rd.
Robbery,Violent Crime,2025-07-30,08:46:54,Zone 1,Old Town Square,13.01643,80.309033,Solved,Medium,1,16,Female,Wednesday,8,Robbery reported near University Gate.
Pickpocketing,Theft,2026-07-04,07:34:13,Zone 1,Riverside Park,13.035308,80.274423,Pending,Low,0,60,Other,Saturday,7,Pickpocketing reported near Harbor Front.
Vehicle Theft,Theft,2026-03-08,03:12:50,Zone 1,Harbor Front,13.114144,80.234105,Solved,Medium,1,33,Other,Sunday,3,Vehicle Theft reported near Harbor Front.
Shoplifting,Theft,2025-08-17,08:24:32,Zone 3,Riverside Park,13.158958,80.206637,Pending,Low,1,28,Other,Sunday,8,Shoplifting reported near Railway Station Rd.
Vehicle Theft,Theft,2026-03-11,09:31:25,Zone 5,Hilltop Avenue,13.121803,80.19364,Solved,Medium,0,33,Male,Wednesday,9,Vehicle Theft reported near Harbor Front.
Shoplifting,Theft,2026-03-23,10:25:42,Zone 3,Harbor Front,13.024662,80.307482,Under Investigation,Medium,0,30,Female,Monday,10,Shoplifting reported near North Bus Depot.
Drug Trafficking,Narcotics,2025-09-09,05:08:13,Zone 5,University Gate,13.107096,80.283665,Solved,Medium,0,61,Other,Tuesday,5,Drug Trafficking reported near Riverside Park.
Robbery,Violent Crime,2026-02-04,18:46:07,Zone 4,Lakeview Colony,13.032162,80.325024,Solved,Medium,0,42,Female,Wednesday,18,Robbery reported near Railway Station Rd.
Online Fraud,Cybercrime,2026-04-11,03:01:48,Zone 6,Greenfield Sector 7,13.160453,80.289411,Pending,Medium,0,30,Male,Saturday,3,Online Fraud reported near Harbor Front.
Pickpocketing,Theft,2026-05-08,18:30:45,Zone 1,North Bus Depot,13.106631,80.220136,Solved,Low,0,18,Female,Friday,18,Pickpocketing reported near MG Road Junction.
Robbery,Violent Crime,2026-04-03,09:28:55,Zone 3,MG Road Junction,13.101429,80.300758,Solved,Critical,1,54,Other,Friday,9,Robbery reported near Lakeview Colony.
Phishing,Cybercrime,2025-10-23,10:52:56,Zone 6,University Gate,13.009487,80.350034,Solved,Medium,0,18,Other,Thursday,10,Phishing reported near Lakeview Colony.
Burglary,Theft,2026-02-16,11:19:49,Zone 5,Hilltop Avenue,13.135119,80.264516,Solved,Low,0,73,Male,Monday,11,Burglary reported near Railway Station Rd.
Phishing,Cybercrime,2026-04-14,22:44:34,Zone 6,Greenfield Sector 7,13.024349,80.256869,Solved,Medium,0,73,Other,Tuesday,22,Phishing reported near North Bus Depot.
Homicide,Violent Crime,2025-07-26,22:50:10,Zone 4,Hilltop Avenue,13.11764,80.210467,Solved,Medium,1,61,Female,Saturday,22,Homicide reported near University Gate.
Domestic Violence,Violent Crime,2025-10-07,02:10:58,Zone 5,University Gate,13.056331,80.330109,Solved,Critical,0,19,Female,Tuesday,2,Domestic Violence reported near Old Town Square.
Public Intoxication,Public Order,2025-08-30,06:08:12,Zone 3,MG Road Junction,13.003265,80.313163,Pending,Low,0,54,Female,Saturday,6,Public Intoxication reported near North Bus Depot.
Public Intoxication,Public Order,2025-12-18,05:38:00,Zone 2,MG Road Junction,13.041854,80.278275,Under Investigation,Medium,0,27,Male,Thursday,5,Public Intoxication reported near MG Road Junction.
Online Fraud,Cybercrime,2026-06-29,20:19:21,Zone 6,Harbor Front,13.149962,80.198545,Solved,Medium,0,34,Other,Monday,20,Online Fraud reported near Harbor Front.
Drug Possession,Narcotics,2025-11-24,04:02:05,Zone 6,Hilltop Avenue,13.125662,80.242351,Pending,High,0,20,Female,Monday,4,Drug Possession reported near Railway Station Rd.
Shoplifting,Theft,2026-01-28,11:13:44,Zone 2,Central Market,13.036148,80.20001,Pending,Medium,1,46,Other,Wednesday,11,Shoplifting reported near University Gate.
Hacking,Cybercrime,2025-09-07,06:36:39,Zone 5,Harbor Front,13.059317,80.211454,Pending,Medium,0,47,Female,Sunday,6,Hacking reported near Riverside Park.
Drug Trafficking,Narcotics,2026-04-08,01:29:40,Zone 5,MG Road Junction,13.130177,80.308695,Solved,Low,0,37,Female,Wednesday,1,Drug Trafficking reported near Hilltop Avenue.
Online Fraud,Cybercrime,2025-07-28,06:04:19,Zone 6,Industrial Estate,13.050745,80.278699,Solved,High,0,37,Female,Monday,6,Online Fraud reported near University Gate.
Burglary,Theft,2026-04-07,17:59:43,Zone 5,Railway Station Rd,13.079357,80.26662,Solved,Low,0,73,Other,Tuesday,17,Burglary reported near Industrial Estate.
Trespassing,Public Order,2026-06-17,12:46:43,Zone 4,Industrial Estate,13.05318,80.276442,Pending,Low,0,20,Male,Wednesday,12,Trespassing reported near Old Town Square.
Pickpocketing,Theft,2025-08-29,18:36:38,Zone 1,Industrial Estate,13.065031,80.285931,Pending,High,0,61,Male,Friday,18,Pickpocketing reported near Old Town Square.
Robbery,Violent Crime,2026-01-06,21:19:13,Zone 4,Central Market,13.086716,80.218702,Solved,High,0,44,Other,Tuesday,21,Robbery reported near MG Road Junction.
Robbery,Violent Crime,2026-01-22,20:33:19,Zone 4,Harbor Front,13.126785,80.213627,Under Investigation,Critical,1,24,Male,Thursday,20,Robbery reported near University Gate.
Vehicle Theft,Theft,2026-07-13,21:43:54,Zone 1,Harbor Front,13.097786,80.204632,Pending,Medium,0,63,Female,Monday,21,Vehicle Theft reported near MG Road Junction.
Homicide,Violent Crime,2026-04-05,12:34:20,Zone 5,Greenfield Sector 7,13.126346,80.29808,Solved,Medium,0,51,Other,Sunday,12,Homicide reported near Central Market.
Shoplifting,Theft,2026-02-28,21:51:18,Zone 2,MG Road Junction,13.094553,80.218104,Pending,Low,1,24,Male,Saturday,21,Shoplifting reported near Railway Station Rd.
Hacking,Cybercrime,2026-06-19,10:11:45,Zone 6,Greenfield Sector 7,13.098079,80.285541,Pending,High,0,38,Female,Friday,10,Hacking reported near Industrial Estate.
Drug Possession,Narcotics,2025-11-19,01:52:51,Zone 2,Railway Station Rd,13.14985,80.265624,Pending,Medium,0,46,Male,Wednesday,1,Drug Possession reported near North Bus Depot.
Drug Trafficking,Narcotics,2026-01-10,02:58:42,Zone 2,Central Market,13.055552,80.328427,Solved,Low,0,38,Female,Saturday,2,Drug Trafficking reported near Railway Station Rd.
Shoplifting,Theft,2025-09-09,06:06:25,Zone 2,Hilltop Avenue,13.133508,80.318181,Pending,Low,0,45,Female,Tuesday,6,Shoplifting reported near Greenfield Sector 7.
Robbery,Violent Crime,2025-10-09,23:24:04,Zone 4,Industrial Estate,13.057214,80.320927,Solved,High,1,50,Other,Thursday,23,Robbery reported near North Bus Depot.
Pickpocketing,Theft,2026-05-18,14:20:35,Zone 2,Harbor Front,13.018325,80.261935,Pending,Low,0,68,Other,Monday,14,Pickpocketing reported near Lakeview Colony.
Trespassing,Public Order,2026-06-15,09:08:56,Zone 3,Railway Station Rd,13.095623,80.311498,Pending,High,0,50,Female,Monday,9,Trespassing reported near Lakeview Colony.
Robbery,Violent Crime,2025-08-01,13:50:58,Zone 5,Central Market,13.111429,80.33766,Under Investigation,Critical,1,53,Male,Friday,13,Robbery reported near Greenfield Sector 7.
Drug Possession,Narcotics,2026-02-16,04:35:03,Zone 5,MG Road Junction,13.002835,80.280305,Solved,Critical,0,31,Female,Monday,4,Drug Possession reported near University Gate.
Drug Trafficking,Narcotics,2025-07-16,05:27:34,Zone 5,Industrial Estate,13.036495,80.218446,Under Investigation,Low,0,69,Female,Wednesday,5,Drug Trafficking reported near Riverside Park.
Robbery,Violent Crime,2026-07-11,19:09:46,Zone 3,Lakeview Colony,13.144282,80.295968,Solved,Critical,0,71,Female,Saturday,19,Robbery reported near University Gate.
Drug Possession,Narcotics,2025-11-25,05:52:28,Zone 5,University Gate,13.064254,80.226819,Pending,Low,0,31,Other,Tuesday,5,Drug Possession reported near Hilltop Avenue.
Trespassing,Public Order,2025-09-23,02:02:36,Zone 3,University Gate,13.080023,80.249673,Solved,Medium,1,62,Other,Tuesday,2,Trespassing reported near Old Town Square.
Assault,Violent Crime,2026-03-12,19:42:42,Zone 4,Industrial Estate,13.015193,80.29209,Solved,Critical,0,50,Male,Thursday,19,Assault reported near Railway Station Rd.
Domestic Violence,Violent Crime,2025-09-25,16:51:18,Zone 4,Greenfield Sector 7,13.048973,80.196352,Pending,Critical,1,32,Male,Thursday,16,Domestic Violence reported near Harbor Front.
Drug Possession,Narcotics,2025-08-14,20:39:01,Zone 4,Riverside Park,13.048591,80.203902,Solved,Medium,1,55,Female,Thursday,20,Drug Possession reported near Old Town Square.
Vandalism,Public Order,2025-09-10,22:47:09,Zone 3,Riverside Park,13.108165,80.249863,Solved,Low,0,67,Other,Wednesday,22,Vandalism reported near MG Road Junction.
Robbery,Violent Crime,2025-11-04,21:15:42,Zone 3,Harbor Front,13.07313,80.292712,Solved,Medium,1,32,Male,Tuesday,21,Robbery reported near MG Road Junction.
Pickpocketing,Theft,2026-02-11,16:48:59,Zone 2,Lakeview Colony,13.087903,80.251468,Solved,Medium,0,16,Female,Wednesday,16,Pickpocketing reported near Railway Station Rd.
Drug Possession,Narcotics,2026-05-27,17:54:27,Zone 4,Old Town Square,13.100378,80.295031,Under Investigation,Low,0,57,Other,Wednesday,17,Drug Possession reported near Lakeview Colony.
Robbery,Violent Crime,2025-10-22,20:11:20,Zone 4,Central Market,13.090318,80.298348,Solved,Critical,0,59,Female,Wednesday,20,Robbery reported near Industrial Estate.
Online Fraud,Cybercrime,2026-06-29,14:03:38,Zone 2,University Gate,13.107757,80.324373,Pending,Critical,0,23,Male,Monday,14,Online Fraud reported near Greenfield Sector 7.
Burglary,Theft,2026-05-21,08:29:42,Zone 2,Harbor Front,13.152489,80.292905,Solved,High,0,65,Female,Thursday,8,Burglary reported near Old Town Square.
Phishing,Cybercrime,2026-01-01,07:03:16,Zone 2,North Bus Depot,13.155597,80.233046,Pending,Medium,0,55,Female,Thursday,7,Phishing reported near Riverside Park.
Online Fraud,Cybercrime,2025-10-12,05:41:06,Zone 6,Greenfield Sector 7,13.148717,80.305164,Solved,Low,0,62,Female,Sunday,5,Online Fraud reported near Railway Station Rd.
Assault,Violent Crime,2026-06-26,12:44:21,Zone 1,Lakeview Colony,13.147439,80.282642,Pending,High,1,41,Other,Friday,12,Assault reported near Central Market.
Drug Trafficking,Narcotics,2025-07-28,01:34:59,Zone 5,Harbor Front,13.161356,80.24405,Under Investigation,Low,0,21,Female,Monday,1,Drug Trafficking reported near Hilltop Avenue.
Public Intoxication,Public Order,2026-02-17,09:35:02,Zone 3,University Gate,13.157502,80.296417,Solved,Low,0,38,Female,Tuesday,9,Public Intoxication reported near Central Market.
Online Fraud,Cybercrime,2026-05-06,04:46:37,Zone 6,Railway Station Rd,13.040858,80.252903,Pending,High,0,50,Female,Wednesday,4,Online Fraud reported near MG Road Junction.
Shoplifting,Theft,2026-06-24,05:51:41,Zone 1,Greenfield Sector 7,13.109471,80.264039,Solved,Medium,1,30,Male,Wednesday,5,Shoplifting reported near MG Road Junction.
Phishing,Cybercrime,2025-11-16,01:44:41,Zone 6,Central Market,13.023586,80.21826,Solved,Low,0,45,Other,Sunday,1,Phishing reported near Riverside Park.
Drug Possession,Narcotics,2026-05-18,14:39:14,Zone 5,Lakeview Colony,13.012798,80.223123,Pending,Low,0,36,Male,Monday,14,Drug Possession reported near Harbor Front.
Drug Trafficking,Narcotics,2026-03-29,14:21:04,Zone 5,Railway Station Rd,13.022019,80.213298,Pending,Low,0,31,Other,Sunday,14,Drug Trafficking reported near MG Road Junction.
Pickpocketing,Theft,2026-04-27,19:05:00,Zone 2,University Gate,13.003856,80.338882,Solved,Medium,0,67,Female,Monday,19,Pickpocketing reported near University Gate.
Shoplifting,Theft,2025-10-21,11:11:39,Zone 2,Old Town Square,13.113368,80.286104,Solved,Medium,0,38,Female,Tuesday,11,Shoplifting reported near MG Road Junction.
Drug Possession,Narcotics,2025-10-18,16:55:48,Zone 5,MG Road Junction,13.160585,80.271907,Solved,Medium,0,28,Male,Saturday,16,Drug Possession reported near Riverside Park.
Public Intoxication,Public Order,2026-04-17,19:02:03,Zone 6,Railway Station Rd,13.105878,80.23631,Under Investigation,Low,0,18,Male,Friday,19,Public Intoxication reported near University Gate.
Robbery,Violent Crime,2026-07-01,18:04:57,Zone 1,Industrial Estate,13.040348,80.261871,Pending,High,1,30,Male,Wednesday,18,Robbery reported near Industrial Estate.
Pickpocketing,Theft,2026-04-04,19:04:30,Zone 2,Riverside Park,13.096315,80.199394,Pending,Low,0,40,Female,Saturday,19,Pickpocketing reported near Riverside Park.
Identity Theft,Cybercrime,2026-04-03,03:44:36,Zone 4,Riverside Park,13.012244,80.21254,Pending,High,0,64,Female,Friday,3,Identity Theft reported near North Bus Depot.
Drug Possession,Narcotics,2025-09-23,21:05:26,Zone 3,Old Town Square,13.139816,80.268974,Under Investigation,Critical,0,16,Other,Tuesday,21,Drug Possession reported near Lakeview Colony.
Homicide,Violent Crime,2025-12-05,10:59:37,Zone 6,Railway Station Rd,13.1541,80.336901,Solved,Critical,1,62,Other,Friday,10,Homicide reported near MG Road Junction.
Domestic Violence,Violent Crime,2025-07-25,16:15:05,Zone 4,Old Town Square,13.092058,80.192688,Solved,High,1,31,Other,Friday,16,Domestic Violence reported near Central Market.
Shoplifting,Theft,2026-04-24,18:47:37,Zone 1,Industrial Estate,13.006606,80.263475,Solved,Medium,1,56,Female,Friday,18,Shoplifting reported near University Gate.
Phishing,Cybercrime,2025-12-30,12:18:27,Zone 6,North Bus Depot,13.123162,80.302389,Pending,Medium,0,66,Other,Tuesday,12,Phishing reported near Central Market.
Shoplifting,Theft,2026-06-20,10:29:39,Zone 5,North Bus Depot,13.00924,80.249329,Pending,Medium,0,24,Female,Saturday,10,Shoplifting reported near North Bus Depot.
Drug Trafficking,Narcotics,2025-09-22,19:48:14,Zone 5,Industrial Estate,13.053974,80.334369,Solved,Medium,0,38,Female,Monday,19,Drug Trafficking reported near Railway Station Rd.
Drug Possession,Narcotics,2025-11-17,18:34:57,Zone 5,Central Market,13.049462,80.290052,Under Investigation,Medium,1,28,Female,Monday,18,Drug Possession reported near Central Market.
Burglary,Theft,2026-02-19,05:17:07,Zone 1,Old Town Square,13.114233,80.270113,Pending,High,0,42,Other,Thursday,5,Burglary reported near Hilltop Avenue.
Pickpocketing,Theft,2025-11-30,01:12:04,Zone 2,Greenfield Sector 7,13.006226,80.319018,Solved,High,0,37,Other,Sunday,1,Pickpocketing reported near Harbor Front.
Trespassing,Public Order,2025-07-24,21:28:29,Zone 3,Railway Station Rd,13.051353,80.211813,Solved,Medium,0,39,Female,Thursday,21,Trespassing reported near MG Road Junction.
Pickpocketing,Theft,2026-04-21,21:45:34,Zone 2,Riverside Park,13.048339,80.346413,Pending,High,0,26,Male,Tuesday,21,Pickpocketing reported near Central Market.
Drug Possession,Narcotics,2025-12-03,04:13:35,Zone 1,Riverside Park,13.115842,80.297189,Solved,Critical,0,50,Female,Wednesday,4,Drug Possession reported near Central Market.
Pickpocketing,Theft,2026-05-02,21:09:00,Zone 1,Old Town Square,13.157924,80.278083,Solved,Medium,0,64,Other,Saturday,21,Pickpocketing reported near Harbor Front.
Public Intoxication,Public Order,2025-07-29,20:57:02,Zone 2,Railway Station Rd,13.025008,80.278854,Under Investigation,Low,0,38,Male,Tuesday,20,Public Intoxication reported near Industrial Estate.
Robbery,Violent Crime,2026-02-24,01:34:54,Zone 1,Industrial Estate,13.073973,80.298149,Solved,Low,1,54,Other,Tuesday,1,Robbery reported near Hilltop Avenue.
Hacking,Cybercrime,2026-05-01,08:23:00,Zone 1,Central Market,13.048244,80.246917,Under Investigation,Critical,0,29,Other,Friday,8,Hacking reported near Railway Station Rd.
Public Intoxication,Public Order,2026-04-23,20:26:08,Zone 6,Hilltop Avenue,13.136382,80.28637,Under Investigation,Low,0,37,Male,Thursday,20,Public Intoxication reported near Greenfield Sector 7.
Domestic Violence,Violent Crime,2025-08-23,15:35:29,Zone 4,Hilltop Avenue,13.11634,80.311539,Solved,Medium,0,47,Male,Saturday,15,Domestic Violence reported near Old Town Square.
Drug Trafficking,Narcotics,2026-03-24,20:09:16,Zone 5,Old Town Square,13.050727,80.293189,Pending,Medium,0,42,Male,Tuesday,20,Drug Trafficking reported near Railway Station Rd.
Vehicle Theft,Theft,2026-02-24,23:04:38,Zone 6,Railway Station Rd,13.12199,80.283671,Pending,Medium,1,60,Male,Tuesday,23,Vehicle Theft reported near Industrial Estate.
Shoplifting,Theft,2026-04-23,02:20:29,Zone 5,Industrial Estate,13.143231,80.21238,Solved,Low,0,19,Female,Thursday,2,Shoplifting reported near Old Town Square.
Burglary,Theft,2025-08-29,16:38:48,Zone 5,Old Town Square,13.029442,80.242317,Pending,Low,0,59,Other,Friday,16,Burglary reported near University Gate.
Trespassing,Public Order,2026-01-17,00:33:18,Zone 3,Riverside Park,13.062382,80.268284,Solved,Low,1,48,Male,Saturday,0,Trespassing reported near North Bus Depot.
Drug Possession,Narcotics,2025-12-14,22:07:52,Zone 5,Railway Station Rd,13.023697,80.193481,Solved,Low,0,72,Other,Sunday,22,Drug Possession reported near Hilltop Avenue.
Public Intoxication,Public Order,2026-07-02,10:54:44,Zone 3,University Gate,13.025477,80.226952,Solved,Low,0,64,Male,Thursday,10,Public Intoxication reported near Central Market.
Vandalism,Public Order,2026-04-07,02:42:32,Zone 1,MG Road Junction,13.097608,80.265753,Solved,High,0,64,Male,Tuesday,2,Vandalism reported near Central Market.
Drug Possession,Narcotics,2026-04-12,00:09:54,Zone 5,University Gate,13.122092,80.23508,Under Investigation,Medium,0,55,Male,Sunday,0,Drug Possession reported near Hilltop Avenue.
Drug Possession,Narcotics,2025-10-19,19:18:10,Zone 5,Hilltop Avenue,13.146966,80.27664,Solved,Critical,0,70,Other,Sunday,19,Drug Possession reported near Railway Station Rd.
Domestic Violence,Violent Crime,2025-08-06,09:22:24,Zone 3,Railway Station Rd,13.070555,80.27298,Solved,High,1,23,Other,Wednesday,9,Domestic Violence reported near Riverside Park.
Phishing,Cybercrime,2026-06-03,11:24:18,Zone 4,North Bus Depot,13.075811,80.308488,Under Investigation,Medium,0,51,Female,Wednesday,11,Phishing reported near Old Town Square.
Assault,Violent Crime,2025-11-14,09:43:31,Zone 4,Lakeview Colony,13.110235,80.254119,Solved,High,1,41,Other,Friday,9,Assault reported near Greenfield Sector 7.
Assault,Violent Crime,2026-01-11,14:38:54,Zone 1,University Gate,13.161206,80.210342,Solved,Critical,1,65,Other,Sunday,14,Assault reported near Greenfield Sector 7.
Public Intoxication,Public Order,2025-11-14,23:31:32,Zone 3,Harbor Front,13.047323,80.31358,Pending,Low,0,24,Male,Friday,23,Public Intoxication reported near Central Market.
Phishing,Cybercrime,2025-11-03,23:24:38,Zone 6,Central Market,13.111373,80.215138,Solved,Medium,0,58,Other,Monday,23,Phishing reported near Railway Station Rd.
Domestic Violence,Violent Crime,2025-11-06,12:21:51,Zone 4,Central Market,13.140248,80.278159,Solved,Critical,0,40,Female,Thursday,12,Domestic Violence reported near Industrial Estate.
Assault,Violent Crime,2026-06-30,18:55:49,Zone 4,Railway Station Rd,13.051187,80.303669,Pending,High,0,64,Male,Tuesday,18,Assault reported near Greenfield Sector 7.
Hacking,Cybercrime,2025-11-14,20:32:03,Zone 6,Industrial Estate,13.065322,80.269851,Pending,Critical,0,65,Female,Friday,20,Hacking reported near Industrial Estate.
Vehicle Theft,Theft,2026-05-11,10:47:37,Zone 1,Industrial Estate,13.007004,80.333315,Solved,Low,0,42,Female,Monday,10,Vehicle Theft reported near MG Road Junction.
Online Fraud,Cybercrime,2025-08-18,14:58:44,Zone 6,Industrial Estate,13.01318,80.239486,Solved,Low,0,18,Female,Monday,14,Online Fraud reported near Harbor Front.
Public Intoxication,Public Order,2026-07-05,18:20:24,Zone 4,North Bus Depot,13.093957,80.242287,Pending,Low,0,37,Female,Sunday,18,Public Intoxication reported near Hilltop Avenue.
Identity Theft,Cybercrime,2026-01-10,04:40:54,Zone 6,Old Town Square,13.158557,80.202751,Solved,High,0,19,Female,Saturday,4,Identity Theft reported near Greenfield Sector 7.
Drug Possession,Narcotics,2025-09-23,14:17:04,Zone 4,Old Town Square,13.093329,80.27567,Solved,Low,0,48,Female,Tuesday,14,Drug Possession reported near Lakeview Colony.
Online Fraud,Cybercrime,2025-12-15,06:32:29,Zone 6,Hilltop Avenue,13.11015,80.27831,Pending,High,0,71,Male,Monday,6,Online Fraud reported near Greenfield Sector 7.
Domestic Violence,Violent Crime,2026-02-28,18:39:54,Zone 4,Industrial Estate,13.125759,80.260096,Pending,High,1,45,Male,Saturday,18,Domestic Violence reported near North Bus Depot.
Hacking,Cybercrime,2025-12-17,20:58:04,Zone 2,Riverside Park,13.104128,80.326055,Solved,Low,0,32,Other,Wednesday,20,Hacking reported near Greenfield Sector 7.
Vehicle Theft,Theft,2026-05-01,01:51:52,Zone 2,North Bus Depot,13.052386,80.268361,Under Investigation,Critical,0,26,Female,Friday,1,Vehicle Theft reported near Riverside Park.
Shoplifting,Theft,2025-08-12,07:54:02,Zone 1,Greenfield Sector 7,13.156906,80.268435,Solved,Low,1,35,Male,Tuesday,7,Shoplifting reported near Lakeview Colony.
Pickpocketing,Theft,2026-05-06,05:47:32,Zone 3,Old Town Square,13.15197,80.274213,Under Investigation,High,1,47,Male,Wednesday,5,Pickpocketing reported near North Bus Depot.
Drug Trafficking,Narcotics,2026-01-28,19:51:47,Zone 5,Old Town Square,13.121733,80.34038,Solved,Low,0,44,Female,Wednesday,19,Drug Trafficking reported near Old Town Square.
Drug Trafficking,Narcotics,2025-07-23,04:27:30,Zone 5,University Gate,13.111938,80.34483,Solved,High,1,39,Female,Wednesday,4,Drug Trafficking reported near MG Road Junction.
Drug Possession,Narcotics,2025-08-11,18:50:42,Zone 6,Harbor Front,13.041048,80.279136,Solved,Low,1,23,Other,Monday,18,Drug Possession reported near North Bus Depot.
Domestic Violence,Violent Crime,2026-03-07,05:52:48,Zone 4,Harbor Front,13.040374,80.224362,Pending,Critical,1,42,Male,Saturday,5,Domestic Violence reported near Old Town Square.
Public Intoxication,Public Order,2025-12-16,20:56:58,Zone 1,Greenfield Sector 7,13.133939,80.322604,Solved,Medium,0,62,Other,Tuesday,20,Public Intoxication reported near University Gate.
Vandalism,Public Order,2026-06-19,18:40:28,Zone 3,Central Market,13.129263,80.212475,Solved,Low,0,23,Male,Friday,18,Vandalism reported near North Bus Depot.
Domestic Violence,Violent Crime,2026-02-02,17:47:08,Zone 5,Lakeview Colony,13.044409,80.300695,Solved,Critical,1,39,Male,Monday,17,Domestic Violence reported near Lakeview Colony.
Drug Possession,Narcotics,2026-07-06,22:41:39,Zone 4,Riverside Park,13.10296,80.335795,Pending,Critical,0,19,Female,Monday,22,Drug Possession reported near Greenfield Sector 7.
Assault,Violent Crime,2026-01-09,23:07:00,Zone 4,Central Market,13.117673,80.260325,Pending,Critical,1,30,Other,Friday,23,Assault reported near North Bus Depot.
Identity Theft,Cybercrime,2025-11-04,03:54:13,Zone 2,Lakeview Colony,13.098713,80.349933,Pending,Low,0,27,Female,Tuesday,3,Identity Theft reported near Riverside Park.
Shoplifting,Theft,2026-03-17,12:15:23,Zone 1,University Gate,13.095964,80.294258,Under Investigation,Low,0,41,Other,Tuesday,12,Shoplifting reported near North Bus Depot.
Hacking,Cybercrime,2025-09-14,01:35:03,Zone 6,Greenfield Sector 7,13.011038,80.33967,Solved,Medium,0,58,Other,Sunday,1,Hacking reported near University Gate.
Shoplifting,Theft,2025-10-30,10:25:42,Zone 6,Hilltop Avenue,13.062044,80.345589,Solved,Medium,0,47,Female,Thursday,10,Shoplifting reported near Railway Station Rd.
Pickpocketing,Theft,2026-05-05,05:02:08,Zone 2,Old Town Square,13.082574,80.346439,Solved,Low,0,55,Female,Tuesday,5,Pickpocketing reported near Hilltop Avenue.
Vandalism,Public Order,2026-02-04,20:09:35,Zone 3,North Bus Depot,13.139185,80.295887,Solved,Medium,0,27,Male,Wednesday,20,Vandalism reported near Railway Station Rd.
Public Intoxication,Public Order,2025-12-05,23:59:31,Zone 3,University Gate,13.009227,80.247743,Pending,Medium,0,71,Male,Friday,23,Public Intoxication reported near Central Market.
Public Intoxication,Public Order,2026-04-15,20:52:17,Zone 3,Greenfield Sector 7,13.09282,80.296802,Solved,Low,1,27,Female,Wednesday,20,Public Intoxication reported near Central Market.
Shoplifting,Theft,2026-07-03,15:43:07,Zone 2,Central Market,13.065767,80.285154,Solved,Critical,0,45,Other,Friday,15,Shoplifting reported near Harbor Front.
Homicide,Violent Crime,2025-09-14,00:02:41,Zone 4,Greenfield Sector 7,13.102278,80.263196,Under Investigation,Critical,1,24,Male,Sunday,0,Homicide reported near MG Road Junction.
Phishing,Cybercrime,2026-06-09,22:24:05,Zone 6,Central Market,13.066517,80.219182,Under Investigation,Critical,0,17,Male,Tuesday,22,Phishing reported near Riverside Park.
Online Fraud,Cybercrime,2026-05-16,11:27:47,Zone 4,Harbor Front,13.131717,80.240316,Solved,Medium,0,22,Female,Saturday,11,Online Fraud reported near Hilltop Avenue.
Pickpocketing,Theft,2025-11-15,13:27:05,Zone 2,MG Road Junction,13.123739,80.320459,Solved,Medium,0,48,Female,Saturday,13,Pickpocketing reported near Railway Station Rd.
Online Fraud,Cybercrime,2025-11-04,15:33:05,Zone 6,Riverside Park,13.049212,80.260677,Pending,High,0,24,Other,Tuesday,15,Online Fraud reported near Old Town Square.
Shoplifting,Theft,2025-09-28,13:58:02,Zone 2,Old Town Square,13.084846,80.272404,Pending,Low,0,38,Female,Sunday,13,Shoplifting reported near Greenfield Sector 7.
Vehicle Theft,Theft,2025-08-11,07:11:53,Zone 1,Railway Station Rd,13.065573,80.204026,Pending,High,0,64,Other,Monday,7,Vehicle Theft reported near Railway Station Rd.
Online Fraud,Cybercrime,2026-03-30,01:38:16,Zone 5,Central Market,13.142159,80.207713,Solved,Medium,0,16,Male,Monday,1,Online Fraud reported near Harbor Front.
Domestic Violence,Violent Crime,2025-08-13,20:19:39,Zone 4,Old Town Square,13.132801,80.289379,Pending,High,1,21,Male,Wednesday,20,Domestic Violence reported near Riverside Park.
Vehicle Theft,Theft,2025-07-25,18:13:30,Zone 1,North Bus Depot,13.10648,80.294658,Pending,Low,0,21,Female,Friday,18,Vehicle Theft reported near Railway Station Rd.
Vehicle Theft,Theft,2026-05-18,20:47:44,Zone 2,Old Town Square,13.073943,80.268307,Solved,Low,0,52,Female,Monday,20,Vehicle Theft reported near MG Road Junction.
Trespassing,Public Order,2025-07-15,23:54:31,Zone 3,Railway Station Rd,13.120633,80.286034,Pending,Medium,0,48,Other,Tuesday,23,Trespassing reported near University Gate.
Vandalism,Public Order,2025-07-16,17:27:36,Zone 5,Railway Station Rd,13.053236,80.200862,Pending,High,0,55,Other,Wednesday,17,Vandalism reported near Industrial Estate.
Burglary,Theft,2026-02-19,12:28:14,Zone 4,University Gate,13.083922,80.284725,Under Investigation,Medium,1,58,Female,Thursday,12,Burglary reported near Riverside Park.
Public Intoxication,Public Order,2025-08-05,20:50:30,Zone 3,Harbor Front,13.130661,80.325825,Pending,Medium,0,46,Male,Tuesday,20,Public Intoxication reported near Riverside Park.
Pickpocketing,Theft,2026-05-25,21:31:19,Zone 2,Harbor Front,13.040255,80.279793,Solved,Critical,0,26,Male,Monday,21,Pickpocketing reported near Hilltop Avenue.
Hacking,Cybercrime,2026-05-18,05:35:14,Zone 1,Hilltop Avenue,13.080518,80.349686,Pending,High,0,33,Male,Monday,5,Hacking reported near University Gate.
Vehicle Theft,Theft,2025-12-03,22:48:07,Zone 5,Hilltop Avenue,13.158646,80.315764,Solved,Medium,1,18,Other,Wednesday,22,Vehicle Theft reported near Central Market.
Homicide,Violent Crime,2026-04-27,20:48:32,Zone 2,Central Market,13.082443,80.329979,Under Investigation,Medium,1,70,Male,Monday,20,Homicide reported near Railway Station Rd.
Burglary,Theft,2025-11-15,09:10:05,Zone 4,Hilltop Avenue,13.045263,80.305132,Solved,Low,0,42,Male,Saturday,9,Burglary reported near Riverside Park.
Domestic Violence,Violent Crime,2025-11-23,21:23:01,Zone 4,Industrial Estate,13.073513,80.313924,Solved,High,1,36,Female,Sunday,21,Domestic Violence reported near Riverside Park.
Assault,Violent Crime,2025-08-11,08:36:03,Zone 4,Lakeview Colony,13.159137,80.347508,Under Investigation,Critical,1,41,Other,Monday,8,Assault reported near University Gate.
Identity Theft,Cybercrime,2026-07-12,21:39:58,Zone 5,Greenfield Sector 7,13.026198,80.25533,Under Investigation,Medium,0,66,Other,Sunday,21,Identity Theft reported near Harbor Front.
Vandalism,Public Order,2026-02-12,02:21:24,Zone 4,Central Market,13.118716,80.309108,Solved,Low,1,48,Other,Thursday,2,Vandalism reported near Old Town Square.
Drug Possession,Narcotics,2026-07-05,22:34:37,Zone 5,University Gate,13.04409,80.323857,Pending,Low,0,19,Female,Sunday,22,Drug Possession reported near Old Town Square.
Phishing,Cybercrime,2026-06-21,22:28:19,Zone 6,University Gate,13.09429,80.191534,Solved,Low,0,53,Other,Sunday,22,Phishing reported near University Gate.
Drug Possession,Narcotics,2026-01-18,03:50:52,Zone 6,Industrial Estate,13.117077,80.298289,Solved,Medium,0,49,Other,Sunday,3,Drug Possession reported near North Bus Depot.
Vandalism,Public Order,2025-07-16,21:05:05,Zone 3,Hilltop Avenue,13.012651,80.332861,Solved,Medium,0,41,Other,Wednesday,21,Vandalism reported near Hilltop Avenue.
Hacking,Cybercrime,2025-08-24,23:44:59,Zone 5,Hilltop Avenue,13.154351,80.307775,Solved,Medium,0,24,Female,Sunday,23,Hacking reported near University Gate.
Assault,Violent Crime,2025-07-26,16:02:47,Zone 4,Central Market,13.027794,80.280144,Under Investigation,Critical,0,23,Female,Saturday,16,Assault reported near Greenfield Sector 7.
Vandalism,Public Order,2026-05-16,12:23:19,Zone 3,Old Town Square,13.049737,80.195176,Solved,Low,0,72,Female,Saturday,12,Vandalism reported near North Bus Depot.
Vandalism,Public Order,2026-05-14,13:55:02,Zone 2,Railway Station Rd,13.069512,80.282389,Pending,Medium,1,69,Other,Thursday,13,Vandalism reported near Greenfield Sector 7.
Drug Trafficking,Narcotics,2025-11-27,01:46:20,Zone 2,Industrial Estate,13.01699,80.290663,Under Investigation,Medium,0,50,Male,Thursday,1,Drug Trafficking reported near Harbor Front.
Burglary,Theft,2025-07-19,13:50:49,Zone 4,Greenfield Sector 7,13.115884,80.280467,Solved,Low,0,50,Other,Saturday,13,Burglary reported near MG Road Junction.
Drug Trafficking,Narcotics,2025-11-01,01:59:34,Zone 5,Greenfield Sector 7,13.031459,80.193736,Pending,Medium,0,44,Male,Saturday,1,Drug Trafficking reported near Hilltop Avenue.
Drug Possession,Narcotics,2025-11-07,04:11:26,Zone 5,Hilltop Avenue,13.006549,80.275164,Under Investigation,Low,0,26,Female,Friday,4,Drug Possession reported near Riverside Park.
Vehicle Theft,Theft,2026-04-28,22:43:10,Zone 2,Central Market,13.012126,80.34448,Solved,Low,0,36,Male,Tuesday,22,Vehicle Theft reported near Lakeview Colony.
Vandalism,Public Order,2026-06-20,10:38:37,Zone 3,Industrial Estate,13.040539,80.272079,Solved,Medium,1,45,Other,Saturday,10,Vandalism reported near Lakeview Colony.
Pickpocketing,Theft,2025-08-26,20:01:17,Zone 1,Riverside Park,13.091352,80.284488,Pending,Low,0,35,Other,Tuesday,20,Pickpocketing reported near Lakeview Colony.
Robbery,Violent Crime,2026-05-04,18:10:50,Zone 4,Railway Station Rd,13.041926,80.343118,Solved,Critical,1,69,Other,Monday,18,Robbery reported near Old Town Square.
Vehicle Theft,Theft,2025-11-12,14:53:43,Zone 6,MG Road Junction,13.063525,80.246927,Pending,Medium,0,26,Other,Wednesday,14,Vehicle Theft reported near Hilltop Avenue.
Drug Possession,Narcotics,2025-12-26,21:46:35,Zone 5,Harbor Front,13.162511,80.331225,Under Investigation,Low,0,37,Other,Friday,21,Drug Possession reported near Old Town Square.
Online Fraud,Cybercrime,2025-08-10,08:29:38,Zone 6,Greenfield Sector 7,13.055253,80.336943,Under Investigation,Low,0,46,Male,Sunday,8,Online Fraud reported near MG Road Junction.
Hacking,Cybercrime,2025-12-26,01:56:41,Zone 6,Railway Station Rd,13.106903,80.276884,Under Investigation,High,0,59,Male,Friday,1,Hacking reported near Industrial Estate.
Hacking,Cybercrime,2026-04-17,02:23:59,Zone 4,Harbor Front,13.033579,80.192198,Pending,Medium,0,74,Other,Friday,2,Hacking reported near Industrial Estate.
Shoplifting,Theft,2026-03-25,23:23:02,Zone 2,Harbor Front,13.047621,80.335421,Solved,Medium,0,41,Male,Wednesday,23,Shoplifting reported near Old Town Square.
Drug Possession,Narcotics,2025-10-07,18:36:43,Zone 5,Old Town Square,13.111881,80.281122,Solved,Low,0,75,Other,Tuesday,18,Drug Possession reported near North Bus Depot.
Online Fraud,Cybercrime,2025-08-03,23:44:43,Zone 5,Lakeview Colony,13.087971,80.231167,Pending,Medium,0,57,Other,Sunday,23,Online Fraud reported near Harbor Front.
Hacking,Cybercrime,2025-12-20,02:33:29,Zone 1,MG Road Junction,13.081992,80.273461,Pending,Low,0,33,Female,Saturday,2,Hacking reported near Hilltop Avenue.
Domestic Violence,Violent Crime,2026-04-07,04:36:51,Zone 4,North Bus Depot,13.00676,80.308691,Solved,Critical,1,28,Male,Tuesday,4,Domestic Violence reported near Industrial Estate.
Trespassing,Public Order,2026-05-28,16:51:01,Zone 3,North Bus Depot,13.097505,80.290908,Solved,Low,0,37,Male,Thursday,16,Trespassing reported near Industrial Estate.
Pickpocketing,Theft,2026-05-28,12:07:05,Zone 5,Riverside Park,13.158624,80.337374,Pending,Low,1,19,Female,Thursday,12,Pickpocketing reported near MG Road Junction.
Vandalism,Public Order,2026-05-25,17:18:54,Zone 3,Harbor Front,13.063733,80.206033,Pending,Medium,0,55,Male,Monday,17,Vandalism reported near Railway Station Rd.
Domestic Violence,Violent Crime,2025-09-01,06:41:43,Zone 4,Greenfield Sector 7,13.127969,80.263352,Solved,Medium,0,61,Male,Monday,6,Domestic Violence reported near Greenfield Sector 7.
Homicide,Violent Crime,2026-01-15,17:39:28,Zone 2,Hilltop Avenue,13.032448,80.212728,Pending,Low,0,57,Female,Thursday,17,Homicide reported near Old Town Square.
Robbery,Violent Crime,2025-11-17,19:18:23,Zone 5,Hilltop Avenue,13.157943,80.273529,Solved,High,0,70,Male,Monday,19,Robbery reported near Lakeview Colony.
Vandalism,Public Order,2025-08-23,20:21:12,Zone 3,Greenfield Sector 7,13.109558,80.301865,Solved,Critical,0,52,Female,Saturday,20,Vandalism reported near Greenfield Sector 7.
Vandalism,Public Order,2026-05-23,22:58:02,Zone 3,North Bus Depot,13.082049,80.337893,Pending,Medium,0,31,Female,Saturday,22,Vandalism reported near University Gate.
Vandalism,Public Order,2025-12-24,21:00:23,Zone 3,Harbor Front,13.004283,80.247962,Solved,Medium,0,53,Female,Wednesday,21,Vandalism reported near MG Road Junction.
Shoplifting,Theft,2026-04-18,19:46:11,Zone 1,Central Market,13.057071,80.279421,Under Investigation,Low,0,17,Other,Saturday,19,Shoplifting reported near Riverside Park.
Shoplifting,Theft,2026-03-30,12:23:51,Zone 4,Lakeview Colony,13.062276,80.218118,Pending,Medium,0,72,Other,Monday,12,Shoplifting reported near Central Market.
Burglary,Theft,2026-04-10,13:44:23,Zone 1,Greenfield Sector 7,13.053572,80.259426,Pending,Medium,1,28,Other,Friday,13,Burglary reported near Old Town Square.
Vehicle Theft,Theft,2025-08-28,19:54:32,Zone 2,Harbor Front,13.157641,80.332433,Pending,Low,0,55,Male,Thursday,19,Vehicle Theft reported near Riverside Park.
Drug Trafficking,Narcotics,2025-11-02,06:20:45,Zone 5,Lakeview Colony,13.062521,80.301822,Solved,Medium,0,56,Other,Sunday,6,Drug Trafficking reported near Harbor Front.
Burglary,Theft,2025-11-27,11:19:27,Zone 1,Riverside Park,13.144893,80.282119,Pending,High,0,64,Male,Thursday,11,Burglary reported near Old Town Square.
Robbery,Violent Crime,2025-09-21,17:39:21,Zone 4,Lakeview Colony,13.070876,80.265508,Solved,High,1,17,Male,Sunday,17,Robbery reported near Railway Station Rd.
Vehicle Theft,Theft,2026-01-14,09:32:32,Zone 2,Industrial Estate,13.090164,80.203205,Solved,Low,0,18,Other,Wednesday,9,Vehicle Theft reported near North Bus Depot.
Public Intoxication,Public Order,2026-03-09,20:49:43,Zone 3,University Gate,13.137972,80.221203,Under Investigation,Medium,0,63,Other,Monday,20,Public Intoxication reported near Old Town Square.
Identity Theft,Cybercrime,2025-12-21,19:48:41,Zone 1,Lakeview Colony,13.004603,80.295355,Under Investigation,Critical,0,30,Male,Sunday,19,Identity Theft reported near University Gate.
Online Fraud,Cybercrime,2025-10-24,18:48:29,Zone 6,North Bus Depot,13.118302,80.264524,Solved,High,0,43,Other,Friday,18,Online Fraud reported near Lakeview Colony.
Vehicle Theft,Theft,2026-01-06,14:08:19,Zone 2,Lakeview Colony,13.153637,80.192249,Solved,High,0,43,Other,Tuesday,14,Vehicle Theft reported near Lakeview Colony.
Identity Theft,Cybercrime,2025-09-19,13:02:59,Zone 6,Greenfield Sector 7,13.024962,80.347059,Pending,Critical,0,74,Other,Friday,13,Identity Theft reported near Greenfield Sector 7.
Domestic Violence,Violent Crime,2026-06-13,15:30:06,Zone 4,Harbor Front,13.055315,80.34461,Solved,High,0,51,Male,Saturday,15,Domestic Violence reported near MG Road Junction.
Burglary,Theft,2026-04-06,20:24:18,Zone 6,MG Road Junction,13.035643,80.237277,Solved,Medium,0,26,Female,Monday,20,Burglary reported near Lakeview Colony.
Assault,Violent Crime,2026-05-10,16:47:04,Zone 4,University Gate,13.064939,80.335274,Solved,Medium,1,58,Female,Sunday,16,Assault reported near Riverside Park.
Online Fraud,Cybercrime,2025-10-31,06:00:09,Zone 5,Industrial Estate,13.074017,80.322633,Solved,Medium,0,74,Other,Friday,6,Online Fraud reported near Railway Station Rd.
Assault,Violent Crime,2026-05-31,19:58:29,Zone 4,Riverside Park,13.058185,80.325522,Under Investigation,Critical,1,42,Male,Sunday,19,Assault reported near Riverside Park.
Public Intoxication,Public Order,2025-08-13,19:06:25,Zone 5,Hilltop Avenue,13.114483,80.197686,Under Investigation,High,0,34,Other,Wednesday,19,Public Intoxication reported near Central Market.
Domestic Violence,Violent Crime,2025-12-17,06:23:04,Zone 6,North Bus Depot,13.123563,80.271403,Solved,Critical,1,48,Male,Wednesday,6,Domestic Violence reported near Railway Station Rd.
Pickpocketing,Theft,2026-01-01,16:54:12,Zone 1,University Gate,13.066168,80.192418,Solved,Low,1,45,Female,Thursday,16,Pickpocketing reported near Railway Station Rd.
Burglary,Theft,2025-07-15,06:52:17,Zone 1,Hilltop Avenue,13.13735,80.217994,Solved,Low,0,63,Female,Tuesday,6,Burglary reported near Riverside Park.
Shoplifting,Theft,2026-04-28,10:13:45,Zone 1,Hilltop Avenue,13.008211,80.298707,Under Investigation,Low,0,57,Other,Tuesday,10,Shoplifting reported near University Gate.
Trespassing,Public Order,2026-02-08,03:00:03,Zone 6,Central Market,13.126286,80.313438,Solved,High,0,17,Female,Sunday,3,Trespassing reported near MG Road Junction.
Burglary,Theft,2025-08-02,07:56:06,Zone 1,Central Market,13.130208,80.323572,Solved,Low,0,68,Female,Saturday,7,Burglary reported near Industrial Estate.
Drug Possession,Narcotics,2025-10-11,22:07:14,Zone 5,Lakeview Colony,13.036905,80.247752,Solved,Low,0,29,Female,Saturday,22,Drug Possession reported near North Bus Depot.
Identity Theft,Cybercrime,2026-06-24,21:26:19,Zone 1,Greenfield Sector 7,13.125507,80.270632,Pending,Critical,0,26,Female,Wednesday,21,Identity Theft reported near Central Market.
Drug Trafficking,Narcotics,2025-08-03,04:40:48,Zone 5,Greenfield Sector 7,13.144135,80.241575,Solved,High,0,74,Other,Sunday,4,Drug Trafficking reported near Railway Station Rd.
Robbery,Violent Crime,2025-10-31,20:00:14,Zone 4,North Bus Depot,13.006094,80.312131,Solved,Medium,0,55,Male,Friday,20,Robbery reported near MG Road Junction.
Shoplifting,Theft,2026-04-04,10:41:02,Zone 2,Riverside Park,13.04079,80.306749,Under Investigation,Critical,0,33,Female,Saturday,10,Shoplifting reported near Harbor Front.
Pickpocketing,Theft,2025-08-19,16:14:54,Zone 1,North Bus Depot,13.11996,80.245537,Under Investigation,Low,0,67,Other,Tuesday,16,Pickpocketing reported near University Gate.
Hacking,Cybercrime,2025-10-22,04:40:00,Zone 6,Riverside Park,13.013039,80.269363,Solved,Critical,0,29,Male,Wednesday,4,Hacking reported near Central Market.
Robbery,Violent Crime,2025-10-30,16:29:19,Zone 2,Greenfield Sector 7,13.028965,80.222306,Solved,High,1,44,Other,Thursday,16,Robbery reported near North Bus Depot.
Vandalism,Public Order,2026-01-12,13:30:28,Zone 3,Railway Station Rd,13.070332,80.288203,Under Investigation,Low,0,17,Female,Monday,13,Vandalism reported near Lakeview Colony.
Online Fraud,Cybercrime,2025-10-06,06:29:19,Zone 1,Riverside Park,13.075276,80.250724,Solved,Medium,0,61,Female,Monday,6,Online Fraud reported near North Bus Depot.
Vehicle Theft,Theft,2025-11-01,12:59:26,Zone 2,Greenfield Sector 7,13.153146,80.345979,Pending,Low,0,20,Female,Saturday,12,Vehicle Theft reported near MG Road Junction.
Burglary,Theft,2026-04-07,22:49:58,Zone 1,MG Road Junction,13.122952,80.246473,Solved,Medium,0,57,Female,Tuesday,22,Burglary reported near Lakeview Colony.
Hacking,Cybercrime,2026-06-28,15:43:01,Zone 6,Harbor Front,13.114295,80.293953,Pending,Low,0,25,Female,Sunday,15,Hacking reported near North Bus Depot.
Assault,Violent Crime,2026-05-18,19:58:24,Zone 5,Lakeview Colony,13.066327,80.284486,Solved,Critical,1,26,Female,Monday,19,Assault reported near Old Town Square.
Hacking,Cybercrime,2025-09-18,17:48:56,Zone 6,Industrial Estate,13.150591,80.329807,Pending,Low,0,68,Male,Thursday,17,Hacking reported near Old Town Square.
Hacking,Cybercrime,2025-07-23,00:10:52,Zone 6,Lakeview Colony,13.081376,80.206199,Solved,High,0,57,Female,Wednesday,0,Hacking reported near University Gate.
Homicide,Violent Crime,2026-04-12,09:11:32,Zone 4,Riverside Park,13.154457,80.262806,Solved,Critical,0,67,Male,Sunday,9,Homicide reported near Old Town Square.
Assault,Violent Crime,2025-08-25,04:05:24,Zone 4,Central Market,13.022649,80.200982,Pending,Low,0,16,Male,Monday,4,Assault reported near Old Town Square.
Vehicle Theft,Theft,2026-03-29,17:24:38,Zone 1,Greenfield Sector 7,13.085912,80.344629,Pending,Low,0,43,Female,Sunday,17,Vehicle Theft reported near Industrial Estate.
Online Fraud,Cybercrime,2026-01-12,09:03:22,Zone 6,Lakeview Colony,13.142392,80.319703,Under Investigation,Low,0,62,Male,Monday,9,Online Fraud reported near MG Road Junction.
Drug Trafficking,Narcotics,2025-07-23,04:39:43,Zone 5,Industrial Estate,13.10812,80.266732,Under Investigation,Low,0,17,Other,Wednesday,4,Drug Trafficking reported near Industrial Estate.
Hacking,Cybercrime,2026-03-18,11:47:39,Zone 1,Railway Station Rd,13.129734,80.246433,Under Investigation,High,0,58,Other,Wednesday,11,Hacking reported near Central Market.
Online Fraud,Cybercrime,2025-07-17,20:56:36,Zone 6,Central Market,13.128278,80.305367,Pending,Low,0,35,Other,Thursday,20,Online Fraud reported near Hilltop Avenue.
Domestic Violence,Violent Crime,2026-05-17,19:15:15,Zone 4,University Gate,13.036563,80.31122,Solved,High,0,17,Male,Sunday,19,Domestic Violence reported near Industrial Estate.
Homicide,Violent Crime,2025-08-09,23:42:07,Zone 4,Industrial Estate,13.109176,80.338338,Pending,High,1,71,Male,Saturday,23,Homicide reported near Greenfield Sector 7.
Drug Trafficking,Narcotics,2026-01-03,18:50:35,Zone 5,Central Market,13.1573,80.260614,Solved,Low,0,21,Female,Saturday,18,Drug Trafficking reported near University Gate.
Shoplifting,Theft,2026-05-11,22:36:47,Zone 5,Industrial Estate,13.002969,80.200602,Under Investigation,Medium,0,65,Female,Monday,22,Shoplifting reported near Harbor Front.
Burglary,Theft,2026-05-22,00:54:29,Zone 2,Riverside Park,13.053248,80.321284,Pending,Low,0,54,Female,Friday,0,Burglary reported near Riverside Park.
Shoplifting,Theft,2026-02-07,23:07:17,Zone 6,University Gate,13.162196,80.303744,Pending,Medium,0,40,Male,Saturday,23,Shoplifting reported near Industrial Estate.
Robbery,Violent Crime,2025-07-23,23:49:11,Zone 2,Riverside Park,13.139785,80.307083,Under Investigation,Medium,1,17,Other,Wednesday,23,Robbery reported near Lakeview Colony.
Public Intoxication,Public Order,2026-01-18,14:33:46,Zone 3,Riverside Park,13.047986,80.30212,Solved,Low,1,36,Other,Sunday,14,Public Intoxication reported near MG Road Junction.
Online Fraud,Cybercrime,2025-09-24,10:30:18,Zone 6,Harbor Front,13.146255,80.224263,Solved,High,0,16,Female,Wednesday,10,Online Fraud reported near University Gate.
Drug Possession,Narcotics,2026-01-04,18:10:59,Zone 5,Hilltop Avenue,13.011713,80.247593,Solved,Medium,1,57,Female,Sunday,18,Drug Possession reported near Greenfield Sector 7.
Vandalism,Public Order,2026-06-29,10:31:19,Zone 4,Harbor Front,13.112777,80.343429,Pending,Medium,0,58,Male,Monday,10,Vandalism reported near Railway Station Rd.
Hacking,Cybercrime,2026-01-09,02:05:07,Zone 6,Greenfield Sector 7,13.080975,80.297707,Solved,Medium,0,52,Female,Friday,2,Hacking reported near Old Town Square.
Drug Possession,Narcotics,2025-12-31,23:44:27,Zone 6,Hilltop Avenue,13.050438,80.210738,Under Investigation,Low,0,27,Female,Wednesday,23,Drug Possession reported near University Gate.
Pickpocketing,Theft,2026-06-13,17:34:45,Zone 1,Central Market,13.133712,80.294972,Pending,Medium,0,27,Other,Saturday,17,Pickpocketing reported near University Gate.
Pickpocketing,Theft,2026-02-06,01:36:13,Zone 2,Central Market,13.107122,80.204751,Solved,Low,0,48,Female,Friday,1,Pickpocketing reported near Industrial Estate.
Drug Possession,Narcotics,2026-03-10,00:33:57,Zone 5,Hilltop Avenue,13.127948,80.296165,Pending,Low,0,74,Female,Tuesday,0,Drug Possession reported near Greenfield Sector 7.
Drug Possession,Narcotics,2025-08-11,03:12:09,Zone 5,Industrial Estate,13.050653,80.32392,Solved,Critical,0,33,Male,Monday,3,Drug Possession reported near University Gate.
Drug Trafficking,Narcotics,2026-03-04,17:10:25,Zone 5,North Bus Depot,13.075671,80.341858,Solved,Medium,1,20,Other,Wednesday,17,Drug Trafficking reported near University Gate.
Homicide,Violent Crime,2025-09-30,19:32:38,Zone 3,Greenfield Sector 7,13.028947,80.322151,Solved,Medium,1,31,Male,Tuesday,19,Homicide reported near Old Town Square.
Pickpocketing,Theft,2026-06-12,15:23:58,Zone 1,Lakeview Colony,13.056063,80.23442,Solved,High,0,30,Female,Friday,15,Pickpocketing reported near Central Market.
Shoplifting,Theft,2025-09-17,04:22:44,Zone 1,Industrial Estate,13.094245,80.235819,Solved,Low,0,64,Female,Wednesday,4,Shoplifting reported near Riverside Park.
Drug Trafficking,Narcotics,2025-11-13,01:00:43,Zone 3,MG Road Junction,13.08487,80.215579,Pending,Low,0,74,Other,Thursday,1,Drug Trafficking reported near Harbor Front.
Domestic Violence,Violent Crime,2025-07-19,09:22:51,Zone 3,North Bus Depot,13.077687,80.236591,Pending,Critical,1,35,Other,Saturday,9,Domestic Violence reported near Central Market.
Public Intoxication,Public Order,2026-05-30,05:46:15,Zone 3,Railway Station Rd,13.153879,80.217118,Pending,Low,0,67,Male,Saturday,5,Public Intoxication reported near Lakeview Colony.
Online Fraud,Cybercrime,2025-11-12,12:43:56,Zone 6,University Gate,13.087885,80.210651,Solved,Low,0,16,Other,Wednesday,12,Online Fraud reported near Lakeview Colony.
Identity Theft,Cybercrime,2026-03-12,16:02:38,Zone 6,North Bus Depot,13.074484,80.217665,Pending,High,0,27,Male,Thursday,16,Identity Theft reported near Industrial Estate.
Vehicle Theft,Theft,2025-12-11,10:23:07,Zone 2,Old Town Square,13.056773,80.29935,Under Investigation,High,1,35,Female,Thursday,10,Vehicle Theft reported near Old Town Square.
Trespassing,Public Order,2025-08-26,14:59:19,Zone 3,Greenfield Sector 7,13.151357,80.344162,Under Investigation,Medium,1,70,Female,Tuesday,14,Trespassing reported near MG Road Junction.
Public Intoxication,Public Order,2026-01-29,13:00:22,Zone 3,Central Market,13.145131,80.220485,Pending,Low,0,49,Other,Thursday,13,Public Intoxication reported near Riverside Park.
Domestic Violence,Violent Crime,2026-07-13,21:16:14,Zone 4,Old Town Square,13.078012,80.25059,Pending,High,1,22,Female,Monday,21,Domestic Violence reported near Harbor Front.
Homicide,Violent Crime,2025-12-06,14:55:45,Zone 4,MG Road Junction,13.034454,80.221031,Pending,Low,1,26,Other,Saturday,14,Homicide reported near North Bus Depot.
Phishing,Cybercrime,2025-12-12,13:51:43,Zone 4,Hilltop Avenue,13.116991,80.242682,Under Investigation,High,0,62,Other,Friday,13,Phishing reported near Lakeview Colony.
Vehicle Theft,Theft,2026-07-06,06:32:00,Zone 2,University Gate,13.125482,80.228541,Under Investigation,Medium,0,16,Female,Monday,6,Vehicle Theft reported near Railway Station Rd.
Vandalism,Public Order,2025-12-09,18:46:32,Zone 3,Harbor Front,13.032598,80.235682,Pending,Low,0,68,Female,Tuesday,18,Vandalism reported near North Bus Depot.
Burglary,Theft,2026-04-10,14:09:14,Zone 4,MG Road Junction,13.021974,80.254905,Solved,Low,0,55,Male,Friday,14,Burglary reported near Central Market.
Shoplifting,Theft,2025-07-22,23:14:21,Zone 1,Industrial Estate,13.070872,80.200516,Solved,Low,0,33,Female,Tuesday,23,Shoplifting reported near University Gate.
Assault,Violent Crime,2026-04-14,00:42:47,Zone 4,Old Town Square,13.054162,80.236351,Solved,Medium,1,47,Female,Tuesday,0,Assault reported near Industrial Estate.
Trespassing,Public Order,2026-07-09,20:08:21,Zone 3,North Bus Depot,13.060391,80.320306,Pending,Medium,0,57,Female,Thursday,20,Trespassing reported near North Bus Depot.
Drug Possession,Narcotics,2026-05-10,19:07:02,Zone 5,Central Market,13.09655,80.336648,Pending,Medium,0,20,Other,Sunday,19,Drug Possession reported near Greenfield Sector 7.
Public Intoxication,Public Order,2026-04-03,20:02:08,Zone 3,Hilltop Avenue,13.033373,80.278779,Under Investigation,Low,1,38,Female,Friday,20,Public Intoxication reported near Railway Station Rd.
Vandalism,Public Order,2025-11-10,16:32:50,Zone 6,Greenfield Sector 7,13.0062,80.286565,Solved,Medium,0,19,Other,Monday,16,Vandalism reported near North Bus Depot.
Trespassing,Public Order,2025-10-16,23:10:28,Zone 6,Riverside Park,13.122816,80.252164,Solved,Medium,0,16,Male,Thursday,23,Trespassing reported near Greenfield Sector 7.
Pickpocketing,Theft,2025-10-31,08:54:14,Zone 2,Old Town Square,13.050118,80.233662,Pending,Low,0,18,Other,Friday,8,Pickpocketing reported near Riverside Park.
Phishing,Cybercrime,2025-08-22,23:13:34,Zone 3,Industrial Estate,13.02129,80.294483,Under Investigation,Medium,0,21,Other,Friday,23,Phishing reported near Hilltop Avenue.
Trespassing,Public Order,2026-02-15,23:40:52,Zone 3,MG Road Junction,13.004365,80.247577,Solved,Medium,0,50,Other,Sunday,23,Trespassing reported near Greenfield Sector 7.
Trespassing,Public Order,2026-03-06,18:35:13,Zone 1,Lakeview Colony,13.133396,80.226002,Under Investigation,Low,0,25,Female,Friday,18,Trespassing reported near North Bus Depot.
Online Fraud,Cybercrime,2025-11-13,11:29:11,Zone 6,Riverside Park,13.133196,80.218878,Under Investigation,Medium,0,57,Female,Thursday,11,Online Fraud reported near MG Road Junction.
Vandalism,Public Order,2025-12-26,08:09:04,Zone 3,Riverside Park,13.070923,80.263504,Pending,Medium,0,62,Male,Friday,8,Vandalism reported near Greenfield Sector 7.
Vehicle Theft,Theft,2026-05-21,16:41:59,Zone 1,MG Road Junction,13.009698,80.230435,Pending,Low,0,66,Male,Thursday,16,Vehicle Theft reported near Central Market.
Phishing,Cybercrime,2026-04-04,11:36:57,Zone 5,MG Road Junction,13.073792,80.216803,Solved,Low,0,50,Other,Saturday,11,Phishing reported near Old Town Square.
Phishing,Cybercrime,2026-06-24,13:06:32,Zone 6,North Bus Depot,13.144533,80.257146,Solved,Low,0,43,Female,Wednesday,13,Phishing reported near Riverside Park.
Domestic Violence,Violent Crime,2025-07-30,17:07:14,Zone 3,Central Market,13.018978,80.343636,Solved,High,1,73,Male,Wednesday,17,Domestic Violence reported near Greenfield Sector 7.
Shoplifting,Theft,2025-09-12,15:09:57,Zone 2,Railway Station Rd,13.109464,80.23895,Solved,High,0,58,Female,Friday,15,Shoplifting reported near Old Town Square.
Burglary,Theft,2025-08-15,09:24:28,Zone 6,University Gate,13.118115,80.316387,Pending,Medium,0,33,Male,Friday,9,Burglary reported near Central Market.
Domestic Violence,Violent Crime,2026-01-16,17:30:44,Zone 3,North Bus Depot,13.158356,80.286979,Under Investigation,High,0,40,Female,Friday,17,Domestic Violence reported near Hilltop Avenue.
Domestic Violence,Violent Crime,2025-10-16,21:24:05,Zone 4,University Gate,13.095654,80.258195,Pending,High,1,21,Male,Thursday,21,Domestic Violence reported near Industrial Estate.
Vehicle Theft,Theft,2026-01-11,12:08:58,Zone 1,Riverside Park,13.020325,80.336518,Pending,Low,0,34,Female,Sunday,12,Vehicle Theft reported near Riverside Park.
Vandalism,Public Order,2026-03-31,03:08:07,Zone 5,Industrial Estate,13.156628,80.303334,Under Investigation,Low,0,19,Other,Tuesday,3,Vandalism reported near Central Market.
Trespassing,Public Order,2026-04-27,07:09:05,Zone 6,Railway Station Rd,13.041907,80.192696,Pending,High,0,63,Male,Monday,7,Trespassing reported near University Gate.
Hacking,Cybercrime,2025-12-17,10:41:44,Zone 5,Greenfield Sector 7,13.004814,80.208503,Pending,Low,0,64,Male,Wednesday,10,Hacking reported near Hilltop Avenue.
Pickpocketing,Theft,2025-08-01,13:53:16,Zone 2,Central Market,13.149764,80.271,Solved,Medium,0,49,Female,Friday,13,Pickpocketing reported near Riverside Park.
Phishing,Cybercrime,2026-03-25,04:47:35,Zone 6,Harbor Front,13.099513,80.203053,Pending,Medium,0,57,Female,Wednesday,4,Phishing reported near Lakeview Colony.
Shoplifting,Theft,2025-08-18,07:06:06,Zone 2,Hilltop Avenue,13.015149,80.28721,Solved,High,0,22,Male,Monday,7,Shoplifting reported near North Bus Depot.
Drug Trafficking,Narcotics,2026-04-10,02:59:02,Zone 5,Railway Station Rd,13.041154,80.204306,Under Investigation,Medium,0,18,Male,Friday,2,Drug Trafficking reported near Industrial Estate.
Shoplifting,Theft,2026-02-21,12:20:48,Zone 1,University Gate,13.065203,80.247634,Solved,Low,0,48,Male,Saturday,12,Shoplifting reported near Hilltop Avenue.
Pickpocketing,Theft,2025-11-13,19:02:18,Zone 2,North Bus Depot,13.028496,80.29988,Under Investigation,Low,0,72,Male,Thursday,19,Pickpocketing reported near Harbor Front.
Online Fraud,Cybercrime,2025-11-01,23:38:41,Zone 6,Old Town Square,13.086426,80.313682,Solved,Medium,0,39,Other,Saturday,23,Online Fraud reported near Lakeview Colony.
Vandalism,Public Order,2026-03-31,18:09:36,Zone 1,Hilltop Avenue,13.103146,80.270304,Under Investigation,High,0,71,Male,Tuesday,18,Vandalism reported near Railway Station Rd.
Burglary,Theft,2026-02-15,03:36:23,Zone 1,Old Town Square,13.059239,80.202081,Under Investigation,Medium,0,64,Female,Sunday,3,Burglary reported near Harbor Front.
Drug Trafficking,Narcotics,2026-06-25,21:25:26,Zone 2,Industrial Estate,13.13982,80.337442,Under Investigation,Low,0,39,Male,Thursday,21,Drug Trafficking reported near Harbor Front.
Homicide,Violent Crime,2025-08-01,19:41:03,Zone 4,Old Town Square,13.121267,80.229871,Under Investigation,Critical,0,40,Male,Friday,19,Homicide reported near Greenfield Sector 7.
Domestic Violence,Violent Crime,2025-11-22,14:29:41,Zone 4,Lakeview Colony,13.088319,80.321626,Solved,Medium,0,65,Female,Saturday,14,Domestic Violence reported near North Bus Depot.
Homicide,Violent Crime,2026-01-21,17:44:47,Zone 4,Harbor Front,13.078895,80.23524,Pending,Low,0,29,Female,Wednesday,17,Homicide reported near Greenfield Sector 7.
Vandalism,Public Order,2026-01-11,23:13:03,Zone 1,Riverside Park,13.036539,80.194371,Solved,Medium,0,21,Male,Sunday,23,Vandalism reported near Central Market.
Public Intoxication,Public Order,2025-07-16,22:33:13,Zone 3,Industrial Estate,13.109843,80.232212,Under Investigation,High,0,64,Female,Wednesday,22,Public Intoxication reported near Riverside Park.
Pickpocketing,Theft,2025-11-11,13:50:10,Zone 2,Hilltop Avenue,13.157194,80.260585,Under Investigation,High,0,66,Other,Tuesday,13,Pickpocketing reported near North Bus Depot.
Drug Possession,Narcotics,2026-01-31,00:57:29,Zone 1,Old Town Square,13.152111,80.270611,Pending,Low,0,49,Other,Saturday,0,Drug Possession reported near MG Road Junction.
Domestic Violence,Violent Crime,2025-08-22,05:13:47,Zone 4,Industrial Estate,13.159345,80.257928,Solved,High,0,29,Male,Friday,5,Domestic Violence reported near Harbor Front.
Identity Theft,Cybercrime,2026-07-07,21:32:52,Zone 5,Lakeview Colony,13.141541,80.302591,Pending,Medium,0,38,Female,Tuesday,21,Identity Theft reported near Hilltop Avenue.
Homicide,Violent Crime,2026-05-19,17:23:11,Zone 4,Harbor Front,13.091141,80.216725,Pending,High,0,43,Other,Tuesday,17,Homicide reported near Old Town Square.
Vehicle Theft,Theft,2026-05-24,15:39:59,Zone 6,Railway Station Rd,13.068505,80.270125,Solved,Medium,1,48,Other,Sunday,15,Vehicle Theft reported near MG Road Junction.
Hacking,Cybercrime,2026-03-30,18:35:24,Zone 6,Railway Station Rd,13.02102,80.327715,Solved,Critical,0,42,Other,Monday,18,Hacking reported near University Gate.
Identity Theft,Cybercrime,2026-03-23,06:56:42,Zone 6,North Bus Depot,13.04502,80.324857,Solved,High,0,16,Female,Monday,6,Identity Theft reported near MG Road Junction.
Shoplifting,Theft,2025-10-23,09:10:36,Zone 1,MG Road Junction,13.161553,80.229393,Pending,Critical,0,67,Other,Thursday,9,Shoplifting reported near Lakeview Colony.
Trespassing,Public Order,2026-04-18,22:33:10,Zone 2,Lakeview Colony,13.072684,80.206632,Pending,High,0,69,Other,Saturday,22,Trespassing reported near Old Town Square.
Drug Trafficking,Narcotics,2026-04-03,01:27:00,Zone 5,Central Market,13.103323,80.285626,Under Investigation,Low,0,52,Female,Friday,1,Drug Trafficking reported near MG Road Junction.
Trespassing,Public Order,2025-08-26,08:41:57,Zone 6,Lakeview Colony,13.038181,80.221713,Under Investigation,High,0,65,Female,Tuesday,8,Trespassing reported near Harbor Front.
Burglary,Theft,2025-08-29,14:37:55,Zone 1,Riverside Park,13.019247,80.26416,Solved,Medium,0,21,Male,Friday,14,Burglary reported near Railway Station Rd.
Domestic Violence,Violent Crime,2026-05-25,21:26:04,Zone 3,Harbor Front,13.080543,80.290809,Under Investigation,Medium,1,74,Female,Monday,21,Domestic Violence reported near Riverside Park.
Burglary,Theft,2025-08-12,14:54:02,Zone 2,MG Road Junction,13.021453,80.24555,Pending,Low,1,26,Other,Tuesday,14,Burglary reported near University Gate.
Assault,Violent Crime,2025-10-15,18:48:09,Zone 3,Central Market,13.037309,80.249083,Solved,Critical,0,62,Other,Wednesday,18,Assault reported near Riverside Park.
Vandalism,Public Order,2026-05-29,19:41:18,Zone 3,Old Town Square,13.077427,80.320142,Under Investigation,Low,1,27,Male,Friday,19,Vandalism reported near Harbor Front.
Hacking,Cybercrime,2026-05-24,19:37:19,Zone 6,Railway Station Rd,13.029204,80.223633,Solved,Medium,0,43,Other,Sunday,19,Hacking reported near University Gate.
Drug Possession,Narcotics,2025-09-08,05:36:22,Zone 3,Hilltop Avenue,13.062534,80.291932,Solved,Low,0,32,Other,Monday,5,Drug Possession reported near Lakeview Colony.
Drug Trafficking,Narcotics,2025-12-25,01:51:20,Zone 3,Riverside Park,13.071402,80.220446,Solved,Low,0,65,Female,Thursday,1,Drug Trafficking reported near Central Market.
Vehicle Theft,Theft,2026-01-29,12:50:20,Zone 1,Central Market,13.146499,80.280562,Pending,Low,0,51,Female,Thursday,12,Vehicle Theft reported near University Gate.
Pickpocketing,Theft,2025-07-31,09:20:12,Zone 5,Central Market,13.03424,80.319136,Solved,Medium,1,44,Male,Thursday,9,Pickpocketing reported near Greenfield Sector 7.
Assault,Violent Crime,2026-02-21,19:54:36,Zone 3,Hilltop Avenue,13.160773,80.336563,Solved,Medium,1,74,Other,Saturday,19,Assault reported near MG Road Junction.
Pickpocketing,Theft,2026-05-28,16:17:20,Zone 3,Lakeview Colony,13.123291,80.254755,Pending,Medium,0,35,Other,Thursday,16,Pickpocketing reported near Railway Station Rd.
Shoplifting,Theft,2025-09-03,01:03:52,Zone 4,Riverside Park,13.004363,80.207522,Solved,Low,0,21,Male,Wednesday,1,Shoplifting reported near University Gate.
Drug Possession,Narcotics,2025-07-29,03:50:02,Zone 3,Lakeview Colony,13.020429,80.342243,Pending,Low,0,33,Other,Tuesday,3,Drug Possession reported near Riverside Park.
Burglary,Theft,2026-02-03,16:56:54,Zone 2,Greenfield Sector 7,13.157234,80.256827,Pending,Low,0,46,Other,Tuesday,16,Burglary reported near Railway Station Rd.
Trespassing,Public Order,2025-11-11,05:49:18,Zone 3,North Bus Depot,13.116521,80.247182,Pending,High,0,60,Male,Tuesday,5,Trespassing reported near Central Market.
Assault,Violent Crime,2025-08-07,17:24:12,Zone 4,Industrial Estate,13.080723,80.245172,Pending,Critical,1,64,Female,Thursday,17,Assault reported near University Gate.
Drug Possession,Narcotics,2026-05-11,22:24:28,Zone 4,Riverside Park,13.141557,80.272854,Solved,Medium,0,59,Female,Monday,22,Drug Possession reported near Greenfield Sector 7.
Hacking,Cybercrime,2026-05-23,05:57:29,Zone 6,Old Town Square,13.032625,80.195274,Pending,Medium,0,23,Other,Saturday,5,Hacking reported near Central Market.
Vandalism,Public Order,2025-12-24,15:21:03,Zone 3,North Bus Depot,13.073314,80.249865,Under Investigation,Low,0,34,Male,Wednesday,15,Vandalism reported near Lakeview Colony.
Drug Trafficking,Narcotics,2025-10-23,01:03:41,Zone 2,North Bus Depot,13.042531,80.208473,Pending,Low,1,20,Other,Thursday,1,Drug Trafficking reported near Central Market.
Trespassing,Public Order,2025-07-22,14:06:14,Zone 3,Industrial Estate,13.120128,80.331424,Pending,Low,0,56,Female,Tuesday,14,Trespassing reported near University Gate.
Drug Possession,Narcotics,2026-05-29,09:44:39,Zone 5,Central Market,13.078981,80.239552,Solved,High,0,26,Male,Friday,9,Drug Possession reported near Industrial Estate.
Assault,Violent Crime,2025-08-08,16:01:11,Zone 4,Industrial Estate,13.158599,80.331701,Solved,Medium,1,46,Other,Friday,16,Assault reported near MG Road Junction.
Vandalism,Public Order,2026-06-23,17:18:53,Zone 4,University Gate,13.039226,80.271203,Solved,Medium,0,37,Female,Tuesday,17,Vandalism reported near Railway Station Rd.
Identity Theft,Cybercrime,2025-08-10,06:29:00,Zone 6,Harbor Front,13.13514,80.238881,Pending,Low,0,70,Other,Sunday,6,Identity Theft reported near Railway Station Rd.
Vehicle Theft,Theft,2026-05-01,18:42:09,Zone 1,North Bus Depot,13.059851,80.195645,Solved,Medium,0,63,Male,Friday,18,Vehicle Theft reported near North Bus Depot.
Hacking,Cybercrime,2025-10-20,06:43:22,Zone 4,Old Town Square,13.144779,80.253264,Under Investigation,Medium,0,28,Male,Monday,6,Hacking reported near Greenfield Sector 7.
Drug Possession,Narcotics,2025-12-06,12:50:50,Zone 5,Harbor Front,13.05822,80.20833,Solved,Low,1,25,Other,Saturday,12,Drug Possession reported near Old Town Square.
Homicide,Violent Crime,2025-11-09,03:18:00,Zone 5,MG Road Junction,13.075317,80.225472,Pending,Critical,0,43,Female,Sunday,3,Homicide reported near Harbor Front.
Burglary,Theft,2026-01-18,17:32:42,Zone 1,University Gate,13.156064,80.28042,Solved,Critical,0,28,Female,Sunday,17,Burglary reported near Greenfield Sector 7.
Vehicle Theft,Theft,2025-11-15,08:43:40,Zone 1,Greenfield Sector 7,13.064499,80.254558,Under Investigation,High,1,35,Male,Saturday,8,Vehicle Theft reported near Greenfield Sector 7.
Online Fraud,Cybercrime,2025-08-01,06:26:35,Zone 4,Railway Station Rd,13.034624,80.239499,Under Investigation,Low,0,50,Male,Friday,6,Online Fraud reported near Lakeview Colony.
Domestic Violence,Violent Crime,2025-07-25,18:43:45,Zone 4,Hilltop Avenue,13.059909,80.247371,Pending,High,1,17,Female,Friday,18,Domestic Violence reported near Central Market.
Online Fraud,Cybercrime,2025-09-21,08:39:34,Zone 2,Riverside Park,13.146686,80.331149,Under Investigation,Low,0,41,Other,Sunday,8,Online Fraud reported near MG Road Junction.
Drug Trafficking,Narcotics,2026-06-19,00:53:41,Zone 4,MG Road Junction,13.019828,80.285794,Pending,High,0,23,Other,Friday,0,Drug Trafficking reported near Greenfield Sector 7.
Phishing,Cybercrime,2025-07-22,12:35:47,Zone 6,Riverside Park,13.157465,80.212524,Pending,High,0,35,Other,Tuesday,12,Phishing reported near Old Town Square.
Pickpocketing,Theft,2025-08-31,05:00:09,Zone 6,Hilltop Avenue,13.099307,80.210066,Pending,Low,0,44,Female,Sunday,5,Pickpocketing reported near MG Road Junction.
Pickpocketing,Theft,2026-04-13,18:34:16,Zone 1,Harbor Front,13.13417,80.299711,Solved,High,0,17,Male,Monday,18,Pickpocketing reported near Riverside Park.
Robbery,Violent Crime,2025-11-14,12:42:06,Zone 6,Central Market,13.156155,80.269574,Pending,High,1,45,Female,Friday,12,Robbery reported near Lakeview Colony.
Pickpocketing,Theft,2026-05-15,11:37:19,Zone 2,Industrial Estate,13.008153,80.294768,Under Investigation,Medium,0,24,Female,Friday,11,Pickpocketing reported near University Gate.
Robbery,Violent Crime,2026-01-13,22:32:13,Zone 4,Industrial Estate,13.058513,80.303696,Pending,High,0,57,Other,Tuesday,22,Robbery reported near Greenfield Sector 7.
Vandalism,Public Order,2026-02-23,12:25:04,Zone 3,Greenfield Sector 7,13.149286,80.293921,Pending,Low,0,61,Other,Monday,12,Vandalism reported near Harbor Front.
Drug Trafficking,Narcotics,2025-09-17,04:39:53,Zone 5,Central Market,13.067304,80.197889,Solved,High,0,47,Other,Wednesday,4,Drug Trafficking reported near Railway Station Rd.
Assault,Violent Crime,2026-04-17,21:26:59,Zone 3,Industrial Estate,13.012999,80.288605,Solved,Medium,1,54,Other,Friday,21,Assault reported near MG Road Junction.
Pickpocketing,Theft,2026-01-04,23:36:35,Zone 2,Riverside Park,13.034658,80.231099,Solved,Low,0,43,Other,Sunday,23,Pickpocketing reported near North Bus Depot.
Burglary,Theft,2026-06-29,19:23:49,Zone 1,University Gate,13.067984,80.278153,Pending,Low,0,57,Other,Monday,19,Burglary reported near Railway Station Rd.
Drug Trafficking,Narcotics,2025-11-01,04:57:35,Zone 2,Greenfield Sector 7,13.139247,80.318955,Under Investigation,Low,0,21,Male,Saturday,4,Drug Trafficking reported near Hilltop Avenue.
Public Intoxication,Public Order,2026-03-20,18:21:01,Zone 3,Central Market,13.038543,80.341199,Pending,High,0,71,Male,Friday,18,Public Intoxication reported near Old Town Square.
Burglary,Theft,2025-10-23,12:25:39,Zone 1,Old Town Square,13.011764,80.302303,Under Investigation,Low,0,57,Male,Thursday,12,Burglary reported near MG Road Junction.
Vandalism,Public Order,2026-01-26,07:35:52,Zone 3,Central Market,13.12012,80.338568,Solved,Medium,1,67,Other,Monday,7,Vandalism reported near Greenfield Sector 7.
Shoplifting,Theft,2026-06-09,14:39:59,Zone 6,MG Road Junction,13.015595,80.278928,Solved,High,0,47,Other,Tuesday,14,Shoplifting reported near North Bus Depot.
Hacking,Cybercrime,2026-02-11,00:03:01,Zone 6,Harbor Front,13.126478,80.320518,Under Investigation,Medium,0,59,Other,Wednesday,0,Hacking reported near MG Road Junction.
Drug Trafficking,Narcotics,2026-01-04,05:27:35,Zone 5,North Bus Depot,13.024743,80.260772,Solved,High,1,37,Female,Sunday,5,Drug Trafficking reported near MG Road Junction.
Vehicle Theft,Theft,2026-03-21,16:56:51,Zone 2,MG Road Junction,13.129609,80.281588,Pending,Critical,0,20,Male,Saturday,16,Vehicle Theft reported near Riverside Park.
Assault,Violent Crime,2026-02-05,19:56:15,Zone 4,Central Market,13.162394,80.211455,Pending,High,1,32,Other,Thursday,19,Assault reported near North Bus Depot.
Online Fraud,Cybercrime,2025-11-30,22:49:35,Zone 4,University Gate,13.049529,80.295283,Solved,Medium,0,50,Other,Sunday,22,Online Fraud reported near Central Market.
Pickpocketing,Theft,2025-07-19,12:05:13,Zone 1,Central Market,13.148628,80.325328,Pending,Medium,0,39,Other,Saturday,12,Pickpocketing reported near Riverside Park.
Trespassing,Public Order,2025-11-26,01:53:02,Zone 1,Greenfield Sector 7,13.045948,80.284818,Solved,Low,1,40,Female,Wednesday,1,Trespassing reported near MG Road Junction.
Assault,Violent Crime,2026-03-24,15:42:27,Zone 4,Greenfield Sector 7,13.087899,80.296364,Under Investigation,Low,1,64,Female,Tuesday,15,Assault reported near Old Town Square.
Drug Possession,Narcotics,2026-01-22,05:27:50,Zone 5,University Gate,13.119376,80.308366,Solved,Low,0,75,Other,Thursday,5,Drug Possession reported near Old Town Square.
Drug Trafficking,Narcotics,2026-04-23,07:59:15,Zone 5,North Bus Depot,13.0238,80.193129,Solved,Medium,1,65,Other,Thursday,7,Drug Trafficking reported near Old Town Square.
Shoplifting,Theft,2026-01-12,15:50:41,Zone 3,Old Town Square,13.132342,80.28798,Solved,Low,0,70,Male,Monday,15,Shoplifting reported near Railway Station Rd.
Assault,Violent Crime,2025-11-20,23:30:40,Zone 4,Greenfield Sector 7,13.137792,80.225555,Solved,Low,1,51,Female,Thursday,23,Assault reported near Central Market.
Homicide,Violent Crime,2026-03-05,07:40:11,Zone 4,Harbor Front,13.026204,80.289572,Solved,Low,0,48,Female,Thursday,7,Homicide reported near Greenfield Sector 7.
Trespassing,Public Order,2026-03-22,23:16:16,Zone 3,North Bus Depot,13.005279,80.325889,Solved,High,0,38,Male,Sunday,23,Trespassing reported near Central Market.
Drug Possession,Narcotics,2026-03-17,04:23:53,Zone 5,Industrial Estate,13.134331,80.257255,Solved,Medium,1,54,Female,Tuesday,4,Drug Possession reported near Industrial Estate.
Hacking,Cybercrime,2026-02-15,00:23:02,Zone 4,North Bus Depot,13.04924,80.21471,Solved,Medium,0,67,Female,Sunday,0,Hacking reported near Hilltop Avenue.
Drug Trafficking,Narcotics,2026-03-27,21:02:42,Zone 6,North Bus Depot,13.118902,80.251674,Solved,Critical,0,52,Other,Friday,21,Drug Trafficking reported near Greenfield Sector 7.
Hacking,Cybercrime,2025-10-14,20:33:51,Zone 6,Old Town Square,13.010929,80.266273,Solved,Medium,0,28,Other,Tuesday,20,Hacking reported near Old Town Square.
Shoplifting,Theft,2026-03-19,09:07:44,Zone 2,Hilltop Avenue,13.041267,80.307948,Solved,High,0,20,Female,Thursday,9,Shoplifting reported near Harbor Front.
Public Intoxication,Public Order,2026-03-20,21:08:59,Zone 4,Old Town Square,13.088719,80.314932,Solved,Low,0,66,Female,Friday,21,Public Intoxication reported near Industrial Estate.
Public Intoxication,Public Order,2025-12-12,23:36:31,Zone 3,Central Market,13.103921,80.314323,Solved,High,1,42,Female,Friday,23,Public Intoxication reported near Hilltop Avenue.
Burglary,Theft,2026-06-28,01:10:04,Zone 6,Lakeview Colony,13.02388,80.329401,Solved,High,1,60,Other,Sunday,1,Burglary reported near North Bus Depot.
Identity Theft,Cybercrime,2026-01-24,14:06:46,Zone 6,Lakeview Colony,13.009938,80.3089,Solved,Low,0,56,Female,Saturday,14,Identity Theft reported near University Gate.
Domestic Violence,Violent Crime,2025-07-23,20:46:49,Zone 4,Greenfield Sector 7,13.097029,80.321917,Solved,High,0,39,Other,Wednesday,20,Domestic Violence reported near Harbor Front.
Domestic Violence,Violent Crime,2026-04-16,20:17:49,Zone 4,Greenfield Sector 7,13.018204,80.238276,Under Investigation,Medium,1,48,Female,Thursday,20,Domestic Violence reported near Old Town Square.
Vandalism,Public Order,2026-05-04,21:47:56,Zone 3,Central Market,13.160973,80.224409,Pending,Medium,0,38,Female,Monday,21,Vandalism reported near Riverside Park.
Pickpocketing,Theft,2025-12-04,19:18:58,Zone 1,Central Market,13.044209,80.287687,Solved,Low,0,29,Other,Thursday,19,Pickpocketing reported near Hilltop Avenue.
Vehicle Theft,Theft,2025-10-12,17:00:31,Zone 2,University Gate,13.135901,80.194824,Pending,Low,1,44,Other,Sunday,17,Vehicle Theft reported near Riverside Park.
Assault,Violent Crime,2025-07-20,16:27:31,Zone 4,Industrial Estate,13.044789,80.32902,Solved,Critical,1,67,Male,Sunday,16,Assault reported near University Gate.
Online Fraud,Cybercrime,2025-10-29,06:40:47,Zone 2,MG Road Junction,13.084755,80.315027,Solved,Medium,0,43,Male,Wednesday,6,Online Fraud reported near University Gate.
Drug Possession,Narcotics,2025-08-25,00:08:37,Zone 5,Riverside Park,13.062893,80.341606,Solved,Medium,0,62,Female,Monday,0,Drug Possession reported near Old Town Square.
Vehicle Theft,Theft,2025-10-25,00:04:31,Zone 2,Lakeview Colony,13.091938,80.224068,Solved,Low,0,56,Other,Saturday,0,Vehicle Theft reported near North Bus Depot.
Online Fraud,Cybercrime,2026-02-13,21:42:31,Zone 6,Old Town Square,13.081136,80.291504,Pending,Medium,0,22,Male,Friday,21,Online Fraud reported near Central Market.
Public Intoxication,Public Order,2026-01-31,19:07:11,Zone 3,Railway Station Rd,13.077058,80.241725,Pending,Low,0,69,Female,Saturday,19,Public Intoxication reported near Greenfield Sector 7.
Shoplifting,Theft,2026-02-28,07:54:50,Zone 4,Railway Station Rd,13.068141,80.280661,Solved,Low,0,43,Female,Saturday,7,Shoplifting reported near Old Town Square.
Burglary,Theft,2026-01-23,17:19:28,Zone 1,Greenfield Sector 7,13.06827,80.282301,Pending,Low,0,55,Female,Friday,17,Burglary reported near Riverside Park.
Drug Possession,Narcotics,2026-01-03,20:21:58,Zone 5,Hilltop Avenue,13.059132,80.313262,Solved,Low,0,28,Male,Saturday,20,Drug Possession reported near Hilltop Avenue.
Homicide,Violent Crime,2026-04-24,13:13:35,Zone 4,Central Market,13.120033,80.341102,Under Investigation,Low,0,48,Female,Friday,13,Homicide reported near Railway Station Rd.
Shoplifting,Theft,2026-07-04,14:44:15,Zone 1,University Gate,13.008104,80.310686,Solved,High,0,72,Female,Saturday,14,Shoplifting reported near Central Market.
Pickpocketing,Theft,2026-07-06,16:34:38,Zone 1,Old Town Square,13.149736,80.205989,Under Investigation,Medium,0,66,Female,Monday,16,Pickpocketing reported near Lakeview Colony.
Identity Theft,Cybercrime,2025-11-24,02:41:36,Zone 5,Hilltop Avenue,13.078124,80.237298,Under Investigation,Low,0,33,Female,Monday,2,Identity Theft reported near Old Town Square.
Online Fraud,Cybercrime,2026-01-02,23:46:25,Zone 6,Greenfield Sector 7,13.154933,80.312732,Pending,Medium,0,17,Female,Friday,23,Online Fraud reported near North Bus Depot.
Assault,Violent Crime,2025-08-20,13:51:40,Zone 4,North Bus Depot,13.158831,80.205962,Pending,Medium,1,21,Male,Wednesday,13,Assault reported near Lakeview Colony.
Drug Possession,Narcotics,2026-06-15,03:19:47,Zone 5,MG Road Junction,13.056759,80.214798,Solved,Low,0,33,Other,Monday,3,Drug Possession reported near North Bus Depot.
Drug Trafficking,Narcotics,2026-02-05,03:29:45,Zone 5,Lakeview Colony,13.079979,80.279469,Under Investigation,Medium,0,60,Male,Thursday,3,Drug Trafficking reported near Lakeview Colony.
Assault,Violent Crime,2026-04-22,16:07:02,Zone 2,Hilltop Avenue,13.14438,80.26993,Solved,High,1,42,Female,Wednesday,16,Assault reported near MG Road Junction.
Public Intoxication,Public Order,2025-08-04,16:39:56,Zone 3,Greenfield Sector 7,13.062161,80.294735,Solved,Low,0,61,Female,Monday,16,Public Intoxication reported near Hilltop Avenue.
Drug Trafficking,Narcotics,2026-03-30,22:46:54,Zone 5,Riverside Park,13.151155,80.216978,Solved,Medium,0,25,Female,Monday,22,Drug Trafficking reported near Central Market.
Burglary,Theft,2026-04-05,13:21:06,Zone 1,North Bus Depot,13.012477,80.265691,Pending,Low,0,38,Other,Sunday,13,Burglary reported near MG Road Junction.
Pickpocketing,Theft,2025-09-19,10:49:25,Zone 2,Central Market,13.152189,80.280478,Pending,Medium,0,62,Male,Friday,10,Pickpocketing reported near Old Town Square.
Vehicle Theft,Theft,2026-05-12,14:49:24,Zone 2,Greenfield Sector 7,13.055526,80.314217,Under Investigation,Medium,0,58,Female,Tuesday,14,Vehicle Theft reported near North Bus Depot.
Burglary,Theft,2026-03-28,21:39:09,Zone 2,Riverside Park,13.025633,80.266774,Under Investigation,Low,0,48,Female,Saturday,21,Burglary reported near Lakeview Colony.
Identity Theft,Cybercrime,2025-11-02,05:25:24,Zone 6,Industrial Estate,13.126527,80.303699,Under Investigation,Low,0,49,Male,Sunday,5,Identity Theft reported near Greenfield Sector 7.
Online Fraud,Cybercrime,2025-12-04,10:44:50,Zone 2,Riverside Park,13.042786,80.209938,Pending,High,0,17,Female,Thursday,10,Online Fraud reported near Railway Station Rd.
Hacking,Cybercrime,2026-03-28,13:58:12,Zone 6,Railway Station Rd,13.063893,80.219341,Solved,Medium,0,39,Other,Saturday,13,Hacking reported near North Bus Depot.
Phishing,Cybercrime,2026-01-09,12:00:38,Zone 1,University Gate,13.046384,80.294255,Solved,Medium,0,61,Female,Friday,12,Phishing reported near Old Town Square.
Phishing,Cybercrime,2025-11-16,15:31:11,Zone 6,MG Road Junction,13.078452,80.33069,Under Investigation,High,0,39,Male,Sunday,15,Phishing reported near Greenfield Sector 7.
Online Fraud,Cybercrime,2026-05-10,10:54:07,Zone 6,Hilltop Avenue,13.011668,80.292697,Solved,Low,0,33,Male,Sunday,10,Online Fraud reported near Harbor Front.
Identity Theft,Cybercrime,2025-07-18,21:37:46,Zone 5,Harbor Front,13.153788,80.273314,Solved,High,0,58,Male,Friday,21,Identity Theft reported near Central Market.
Drug Possession,Narcotics,2026-03-02,02:02:17,Zone 2,MG Road Junction,13.100065,80.300895,Under Investigation,Low,0,35,Female,Monday,2,Drug Possession reported near Hilltop Avenue.
Public Intoxication,Public Order,2025-09-29,17:29:05,Zone 3,MG Road Junction,13.021302,80.20519,Pending,Medium,0,65,Male,Monday,17,Public Intoxication reported near MG Road Junction.
Vandalism,Public Order,2026-03-11,21:41:57,Zone 2,Old Town Square,13.141034,80.310285,Solved,Medium,0,27,Female,Wednesday,21,Vandalism reported near Riverside Park.
Drug Possession,Narcotics,2026-04-11,22:11:18,Zone 5,Harbor Front,13.044197,80.261036,Solved,Low,0,49,Female,Saturday,22,Drug Possession reported near Harbor Front.
Pickpocketing,Theft,2026-04-27,13:44:27,Zone 6,Hilltop Avenue,13.058207,80.320445,Pending,Medium,0,51,Other,Monday,13,Pickpocketing reported near Old Town Square.
Burglary,Theft,2026-03-06,12:02:59,Zone 1,Industrial Estate,13.021148,80.296033,Pending,Low,0,52,Female,Friday,12,Burglary reported near Harbor Front.
Phishing,Cybercrime,2025-08-27,20:00:10,Zone 5,Industrial Estate,13.070125,80.244254,Solved,Medium,0,35,Male,Wednesday,20,Phishing reported near Railway Station Rd.
Drug Possession,Narcotics,2025-12-03,06:36:44,Zone 5,Industrial Estate,13.072295,80.254593,Solved,High,0,46,Other,Wednesday,6,Drug Possession reported near Lakeview Colony.
Vandalism,Public Order,2025-10-30,14:49:17,Zone 3,Greenfield Sector 7,13.155337,80.25482,Under Investigation,Low,0,60,Other,Thursday,14,Vandalism reported near North Bus Depot.
Homicide,Violent Crime,2026-06-19,13:49:09,Zone 5,Riverside Park,13.130938,80.264094,Solved,Medium,0,35,Female,Friday,13,Homicide reported near Central Market.
Burglary,Theft,2025-12-05,16:09:43,Zone 2,Hilltop Avenue,13.091556,80.314797,Solved,Low,0,59,Female,Friday,16,Burglary reported near University Gate.
Public Intoxication,Public Order,2025-07-20,20:06:24,Zone 2,Harbor Front,13.02326,80.312787,Under Investigation,Low,0,62,Female,Sunday,20,Public Intoxication reported near Greenfield Sector 7.
Homicide,Violent Crime,2025-11-07,01:56:38,Zone 4,Greenfield Sector 7,13.031206,80.228325,Solved,High,1,64,Female,Friday,1,Homicide reported near Central Market.
Hacking,Cybercrime,2026-04-11,05:27:05,Zone 6,Lakeview Colony,13.057034,80.295347,Solved,Medium,0,59,Female,Saturday,5,Hacking reported near MG Road Junction.
Vandalism,Public Order,2026-04-23,19:53:06,Zone 3,MG Road Junction,13.077088,80.203922,Under Investigation,Medium,0,26,Female,Thursday,19,Vandalism reported near Riverside Park.
Drug Trafficking,Narcotics,2026-07-10,18:42:25,Zone 5,Railway Station Rd,13.070293,80.199422,Solved,Low,0,48,Female,Friday,18,Drug Trafficking reported near Railway Station Rd.
Identity Theft,Cybercrime,2026-05-20,23:34:48,Zone 6,University Gate,13.064055,80.298655,Solved,Low,0,53,Female,Wednesday,23,Identity Theft reported near North Bus Depot.
Public Intoxication,Public Order,2026-06-21,11:07:55,Zone 5,Industrial Estate,13.081039,80.249437,Solved,High,0,59,Female,Sunday,11,Public Intoxication reported near MG Road Junction.
Drug Trafficking,Narcotics,2026-01-14,00:20:19,Zone 5,North Bus Depot,13.104457,80.286025,Pending,Low,0,27,Male,Wednesday,0,Drug Trafficking reported near Hilltop Avenue.
Burglary,Theft,2025-08-25,11:17:22,Zone 1,University Gate,13.158196,80.300939,Under Investigation,Low,0,68,Other,Monday,11,Burglary reported near Greenfield Sector 7.
Homicide,Violent Crime,2026-01-07,07:46:40,Zone 4,Harbor Front,13.132696,80.20688,Solved,High,1,63,Female,Wednesday,7,Homicide reported near Lakeview Colony.
Homicide,Violent Crime,2025-08-16,22:27:07,Zone 4,North Bus Depot,13.129683,80.282043,Pending,Critical,1,60,Male,Saturday,22,Homicide reported near Industrial Estate.
Drug Trafficking,Narcotics,2026-02-26,03:42:02,Zone 5,MG Road Junction,13.09944,80.336259,Solved,Medium,0,66,Female,Thursday,3,Drug Trafficking reported near Harbor Front.
Pickpocketing,Theft,2025-09-12,09:14:14,Zone 2,Railway Station Rd,13.005592,80.242637,Pending,Low,0,53,Female,Friday,9,Pickpocketing reported near Harbor Front.
Drug Trafficking,Narcotics,2025-11-14,00:21:20,Zone 5,University Gate,13.058119,80.261801,Solved,Medium,0,26,Other,Friday,0,Drug Trafficking reported near Lakeview Colony.
Trespassing,Public Order,2025-09-27,18:35:22,Zone 3,Railway Station Rd,13.015995,80.310382,Pending,Medium,0,59,Female,Saturday,18,Trespassing reported near MG Road Junction.
Homicide,Violent Crime,2025-09-29,15:48:01,Zone 2,Hilltop Avenue,13.122922,80.236122,Solved,High,1,24,Female,Monday,15,Homicide reported near Greenfield Sector 7.
Burglary,Theft,2026-03-30,13:11:55,Zone 1,North Bus Depot,13.028159,80.315104,Solved,Medium,0,42,Other,Monday,13,Burglary reported near Old Town Square.
Shoplifting,Theft,2025-10-31,13:14:54,Zone 3,Riverside Park,13.067335,80.311793,Solved,Low,1,41,Female,Friday,13,Shoplifting reported near MG Road Junction.
Trespassing,Public Order,2026-04-19,14:41:26,Zone 5,Greenfield Sector 7,13.15858,80.256347,Solved,Medium,0,48,Male,Sunday,14,Trespassing reported near Greenfield Sector 7.
Shoplifting,Theft,2025-09-07,06:40:30,Zone 5,Lakeview Colony,13.112198,80.342995,Pending,Low,0,51,Other,Sunday,6,Shoplifting reported near North Bus Depot.
Burglary,Theft,2026-04-17,21:58:12,Zone 2,North Bus Depot,13.054336,80.237577,Pending,High,0,59,Other,Friday,21,Burglary reported near Railway Station Rd.
Trespassing,Public Order,2025-08-22,21:53:21,Zone 2,University Gate,13.142234,80.336121,Solved,Low,0,18,Other,Friday,21,Trespassing reported near Harbor Front.
Public Intoxication,Public Order,2026-06-09,23:56:45,Zone 4,Railway Station Rd,13.088675,80.305227,Pending,Medium,1,46,Other,Tuesday,23,Public Intoxication reported near MG Road Junction.
Shoplifting,Theft,2025-12-23,14:28:27,Zone 3,Central Market,13.128688,80.20728,Pending,High,0,62,Male,Tuesday,14,Shoplifting reported near Industrial Estate.
Robbery,Violent Crime,2025-11-11,12:21:41,Zone 4,Industrial Estate,13.113695,80.264019,Pending,High,1,34,Other,Tuesday,12,Robbery reported near Railway Station Rd.
Identity Theft,Cybercrime,2025-09-15,18:09:33,Zone 3,Old Town Square,13.048849,80.226063,Solved,Low,0,35,Other,Monday,18,Identity Theft reported near Riverside Park.
Trespassing,Public Order,2025-12-03,07:51:44,Zone 5,North Bus Depot,13.023268,80.287892,Solved,High,0,53,Female,Wednesday,7,Trespassing reported near Riverside Park.
Drug Trafficking,Narcotics,2025-10-28,05:39:57,Zone 5,Industrial Estate,13.029966,80.245774,Solved,Low,1,40,Female,Tuesday,5,Drug Trafficking reported near Harbor Front.
Vandalism,Public Order,2025-11-10,00:04:21,Zone 2,Central Market,13.038672,80.223729,Pending,Low,0,57,Male,Monday,0,Vandalism reported near Industrial Estate.
Assault,Violent Crime,2025-10-21,20:23:42,Zone 4,Hilltop Avenue,13.007954,80.290924,Solved,Critical,1,70,Other,Tuesday,20,Assault reported near Hilltop Avenue.
Pickpocketing,Theft,2025-09-28,08:16:51,Zone 1,Railway Station Rd,13.12101,80.301052,Pending,Medium,0,27,Male,Sunday,8,Pickpocketing reported near Greenfield Sector 7.
Burglary,Theft,2026-06-14,13:03:13,Zone 3,MG Road Junction,13.039114,80.284408,Pending,Medium,0,36,Other,Sunday,13,Burglary reported near Central Market.
Pickpocketing,Theft,2026-06-03,07:34:37,Zone 2,Central Market,13.037099,80.268657,Under Investigation,Medium,0,62,Female,Wednesday,7,Pickpocketing reported near Harbor Front.
Drug Trafficking,Narcotics,2026-07-16,19:38:17,Zone 2,Old Town Square,13.081517,80.218945,Under Investigation,Medium,0,32,Other,Thursday,19,Drug Trafficking reported near North Bus Depot.
Trespassing,Public Order,2025-10-31,18:07:48,Zone 3,Riverside Park,13.154012,80.268713,Pending,Low,1,27,Male,Friday,18,Trespassing reported near Lakeview Colony.
Hacking,Cybercrime,2026-01-21,16:52:11,Zone 6,Old Town Square,13.033675,80.208094,Solved,Low,0,36,Other,Wednesday,16,Hacking reported near Railway Station Rd.
Drug Possession,Narcotics,2025-09-27,04:12:49,Zone 1,Hilltop Avenue,13.066098,80.218184,Solved,Low,0,46,Other,Saturday,4,Drug Possession reported near Greenfield Sector 7.
Online Fraud,Cybercrime,2026-03-03,22:53:19,Zone 4,Industrial Estate,13.062027,80.239697,Under Investigation,Medium,0,44,Female,Tuesday,22,Online Fraud reported near Lakeview Colony.
Drug Trafficking,Narcotics,2026-07-13,00:26:22,Zone 5,North Bus Depot,13.106027,80.213089,Under Investigation,Medium,0,29,Other,Monday,0,Drug Trafficking reported near University Gate.
Public Intoxication,Public Order,2026-07-03,14:24:20,Zone 3,Old Town Square,13.091991,80.308943,Solved,Medium,0,22,Male,Friday,14,Public Intoxication reported near North Bus Depot.
Pickpocketing,Theft,2025-09-15,22:02:49,Zone 2,Greenfield Sector 7,13.108207,80.300748,Solved,High,0,53,Female,Monday,22,Pickpocketing reported near MG Road Junction.
Shoplifting,Theft,2026-02-24,10:59:18,Zone 1,Lakeview Colony,13.020465,80.212186,Pending,Medium,0,68,Male,Tuesday,10,Shoplifting reported near Riverside Park.
Drug Possession,Narcotics,2025-10-02,05:20:36,Zone 5,Riverside Park,13.090154,80.296411,Pending,Medium,0,65,Male,Thursday,5,Drug Possession reported near University Gate.
Hacking,Cybercrime,2026-03-29,07:14:29,Zone 6,Greenfield Sector 7,13.060653,80.222538,Solved,Critical,0,63,Male,Sunday,7,Hacking reported near Riverside Park.
Public Intoxication,Public Order,2025-11-09,21:03:58,Zone 1,Industrial Estate,13.161043,80.250456,Under Investigation,Medium,1,66,Other,Sunday,21,Public Intoxication reported near Railway Station Rd.
Vehicle Theft,Theft,2025-09-30,23:49:07,Zone 3,Greenfield Sector 7,13.087782,80.318475,Under Investigation,High,0,57,Male,Tuesday,23,Vehicle Theft reported near Central Market.
Identity Theft,Cybercrime,2025-11-19,21:47:09,Zone 6,Hilltop Avenue,13.106771,80.202384,Solved,Medium,0,65,Other,Wednesday,21,Identity Theft reported near University Gate.
Trespassing,Public Order,2026-02-16,18:24:01,Zone 4,Industrial Estate,13.004066,80.242281,Pending,Low,1,50,Female,Monday,18,Trespassing reported near Harbor Front.
Identity Theft,Cybercrime,2025-09-24,04:09:13,Zone 6,MG Road Junction,13.052057,80.206843,Under Investigation,Medium,0,65,Male,Wednesday,4,Identity Theft reported near Hilltop Avenue.
Identity Theft,Cybercrime,2026-03-20,05:19:10,Zone 3,Industrial Estate,13.070585,80.234072,Solved,High,0,17,Male,Friday,5,Identity Theft reported near Railway Station Rd.
Vandalism,Public Order,2025-12-01,13:28:28,Zone 1,Riverside Park,13.066569,80.223601,Solved,Low,0,48,Other,Monday,13,Vandalism reported near University Gate.
Drug Possession,Narcotics,2026-05-15,19:22:47,Zone 5,Railway Station Rd,13.161957,80.25712,Pending,Low,0,32,Other,Friday,19,Drug Possession reported near Central Market.
Domestic Violence,Violent Crime,2025-12-12,23:06:22,Zone 4,North Bus Depot,13.060363,80.240297,Pending,Low,1,60,Male,Friday,23,Domestic Violence reported near Harbor Front.
Vandalism,Public Order,2026-02-25,22:02:09,Zone 6,Railway Station Rd,13.138286,80.219077,Solved,Low,0,64,Male,Wednesday,22,Vandalism reported near MG Road Junction.
Identity Theft,Cybercrime,2025-09-02,19:26:11,Zone 5,Harbor Front,13.030642,80.273676,Under Investigation,Low,0,27,Female,Tuesday,19,Identity Theft reported near Central Market.
Burglary,Theft,2026-02-09,14:58:53,Zone 2,MG Road Junction,13.045129,80.242072,Under Investigation,Medium,0,63,Male,Monday,14,Burglary reported near Lakeview Colony.
Burglary,Theft,2026-04-27,00:57:14,Zone 1,Hilltop Avenue,13.01744,80.348811,Under Investigation,Low,0,44,Male,Monday,0,Burglary reported near Greenfield Sector 7.
Hacking,Cybercrime,2025-11-18,03:42:34,Zone 6,University Gate,13.061193,80.288878,Pending,Medium,0,69,Other,Tuesday,3,Hacking reported near North Bus Depot.
Burglary,Theft,2026-05-04,15:47:06,Zone 2,University Gate,13.117463,80.235868,Solved,Medium,0,58,Female,Monday,15,Burglary reported near Industrial Estate.
Drug Trafficking,Narcotics,2026-05-09,05:42:09,Zone 6,MG Road Junction,13.095399,80.34024,Solved,Low,1,66,Male,Saturday,5,Drug Trafficking reported near Riverside Park.
Vehicle Theft,Theft,2026-03-17,11:00:36,Zone 1,Lakeview Colony,13.079624,80.327929,Under Investigation,Low,1,44,Male,Tuesday,11,Vehicle Theft reported near Railway Station Rd.
Drug Trafficking,Narcotics,2026-05-17,18:32:59,Zone 5,Hilltop Avenue,13.056676,80.35017,Under Investigation,Low,0,45,Other,Sunday,18,Drug Trafficking reported near Central Market.
Drug Trafficking,Narcotics,2026-06-13,05:01:34,Zone 6,Old Town Square,13.022897,80.22704,Pending,Medium,0,24,Female,Saturday,5,Drug Trafficking reported near Old Town Square.
Assault,Violent Crime,2025-10-31,15:56:32,Zone 4,Industrial Estate,13.03388,80.325102,Pending,Medium,0,49,Other,Friday,15,Assault reported near Riverside Park.
Drug Possession,Narcotics,2025-10-16,11:44:33,Zone 5,North Bus Depot,13.029381,80.2161,Under Investigation,Medium,0,69,Other,Thursday,11,Drug Possession reported near Riverside Park.
Drug Trafficking,Narcotics,2026-04-04,00:25:18,Zone 5,University Gate,13.065064,80.27418,Solved,Low,0,35,Male,Saturday,0,Drug Trafficking reported near Central Market.
Online Fraud,Cybercrime,2025-09-05,23:03:48,Zone 3,North Bus Depot,13.06836,80.213707,Pending,High,0,41,Male,Friday,23,Online Fraud reported near Harbor Front.
Robbery,Violent Crime,2026-03-10,04:17:08,Zone 4,Railway Station Rd,13.145522,80.210455,Solved,High,1,25,Other,Tuesday,4,Robbery reported near Old Town Square.
Vandalism,Public Order,2025-10-22,17:49:40,Zone 3,Greenfield Sector 7,13.098451,80.227849,Pending,Low,0,45,Male,Wednesday,17,Vandalism reported near Central Market.
Identity Theft,Cybercrime,2026-06-25,20:16:07,Zone 6,Railway Station Rd,13.103004,80.258846,Pending,Low,0,64,Female,Thursday,20,Identity Theft reported near North Bus Depot.
Drug Trafficking,Narcotics,2026-03-14,21:27:26,Zone 5,Old Town Square,13.011764,80.20753,Pending,Medium,0,56,Other,Saturday,21,Drug Trafficking reported near Industrial Estate.
Identity Theft,Cybercrime,2026-06-04,02:51:31,Zone 4,Central Market,13.041539,80.269896,Pending,Medium,0,65,Other,Thursday,2,Identity Theft reported near Railway Station Rd.
Drug Trafficking,Narcotics,2025-09-08,21:42:24,Zone 5,Central Market,13.009436,80.207948,Solved,High,0,23,Male,Monday,21,Drug Trafficking reported near Industrial Estate.
Drug Trafficking,Narcotics,2025-12-27,04:50:28,Zone 5,Harbor Front,13.139057,80.282435,Under Investigation,Medium,1,63,Female,Saturday,4,Drug Trafficking reported near Harbor Front.
Burglary,Theft,2026-07-03,21:06:18,Zone 1,Harbor Front,13.150007,80.319003,Solved,Medium,0,38,Female,Friday,21,Burglary reported near North Bus Depot.
Vandalism,Public Order,2026-01-30,19:40:16,Zone 3,University Gate,13.125678,80.216395,Pending,Medium,1,41,Female,Friday,19,Vandalism reported near Riverside Park.
Identity Theft,Cybercrime,2025-09-03,17:53:14,Zone 4,Lakeview Colony,13.053345,80.239634,Solved,High,0,36,Other,Wednesday,17,Identity Theft reported near Railway Station Rd.
Hacking,Cybercrime,2026-04-04,20:31:22,Zone 6,Riverside Park,13.05662,80.260743,Solved,Low,0,36,Male,Saturday,20,Hacking reported near Central Market.
Drug Trafficking,Narcotics,2025-10-02,02:39:44,Zone 2,Old Town Square,13.01485,80.205638,Pending,Medium,1,25,Other,Thursday,2,Drug Trafficking reported near Industrial Estate.
Drug Possession,Narcotics,2025-12-31,21:47:52,Zone 5,North Bus Depot,13.142934,80.318458,Solved,Medium,1,44,Male,Wednesday,21,Drug Possession reported near North Bus Depot.
Drug Trafficking,Narcotics,2026-07-02,02:44:14,Zone 5,North Bus Depot,13.041956,80.226833,Solved,Medium,0,17,Other,Thursday,2,Drug Trafficking reported near Railway Station Rd.
Robbery,Violent Crime,2025-12-17,22:37:25,Zone 4,Industrial Estate,13.103061,80.332877,Pending,Critical,1,67,Female,Wednesday,22,Robbery reported near Lakeview Colony.
Vandalism,Public Order,2026-02-02,13:44:08,Zone 3,Central Market,13.054166,80.323092,Pending,Medium,0,74,Other,Monday,13,Vandalism reported near University Gate.
Assault,Violent Crime,2025-09-10,20:45:44,Zone 4,MG Road Junction,13.105895,80.279352,Pending,Critical,1,45,Other,Wednesday,20,Assault reported near Railway Station Rd.
Burglary,Theft,2026-07-04,12:41:03,Zone 4,University Gate,13.146035,80.26696,Solved,Medium,0,33,Other,Saturday,12,Burglary reported near Old Town Square.
Hacking,Cybercrime,2025-12-08,23:13:42,Zone 6,Greenfield Sector 7,13.075038,80.276843,Solved,Medium,0,67,Other,Monday,23,Hacking reported near Lakeview Colony.
Drug Trafficking,Narcotics,2026-07-12,00:48:22,Zone 2,Riverside Park,13.096692,80.314639,Solved,Low,0,62,Male,Sunday,0,Drug Trafficking reported near North Bus Depot.
Robbery,Violent Crime,2026-06-30,23:46:07,Zone 5,Lakeview Colony,13.055786,80.205766,Pending,High,1,40,Other,Tuesday,23,Robbery reported near Railway Station Rd.
Assault,Violent Crime,2026-02-06,09:27:56,Zone 2,Harbor Front,13.043022,80.205218,Solved,Medium,0,56,Male,Friday,9,Assault reported near Industrial Estate.
Drug Trafficking,Narcotics,2026-07-05,00:35:03,Zone 4,Industrial Estate,13.111934,80.205978,Solved,Low,1,40,Female,Sunday,0,Drug Trafficking reported near MG Road Junction.
Burglary,Theft,2026-04-10,14:11:34,Zone 5,Greenfield Sector 7,13.03764,80.24594,Pending,High,1,27,Female,Friday,14,Burglary reported near University Gate.
Pickpocketing,Theft,2026-06-30,01:34:56,Zone 2,Industrial Estate,13.155985,80.341213,Solved,High,0,59,Male,Tuesday,1,Pickpocketing reported near Greenfield Sector 7.
Drug Possession,Narcotics,2025-11-04,15:39:58,Zone 5,Central Market,13.056683,80.263447,Pending,Medium,0,58,Other,Tuesday,15,Drug Possession reported near Central Market.
Vandalism,Public Order,2026-03-15,08:25:02,Zone 3,University Gate,13.060031,80.337358,Under Investigation,High,0,64,Other,Sunday,8,Vandalism reported near Central Market.
Drug Trafficking,Narcotics,2025-10-19,13:34:33,Zone 5,North Bus Depot,13.06577,80.278121,Solved,Low,0,34,Other,Sunday,13,Drug Trafficking reported near Lakeview Colony.
Assault,Violent Crime,2025-11-07,17:20:35,Zone 4,Harbor Front,13.080157,80.252909,Solved,High,1,60,Male,Friday,17,Assault reported near Hilltop Avenue.
Vehicle Theft,Theft,2026-02-08,16:36:34,Zone 1,Lakeview Colony,13.030437,80.240885,Under Investigation,Low,0,28,Female,Sunday,16,Vehicle Theft reported near Hilltop Avenue.
Trespassing,Public Order,2025-10-28,21:32:23,Zone 1,North Bus Depot,13.111681,80.197855,Solved,Low,0,61,Female,Tuesday,21,Trespassing reported near Central Market.
Online Fraud,Cybercrime,2025-09-26,14:02:59,Zone 6,North Bus Depot,13.063738,80.334751,Solved,Low,0,58,Female,Friday,14,Online Fraud reported near Riverside Park.
Hacking,Cybercrime,2026-06-24,03:15:39,Zone 4,Harbor Front,13.109665,80.331811,Pending,Medium,0,35,Male,Wednesday,3,Hacking reported near Harbor Front.
Trespassing,Public Order,2026-07-10,21:24:17,Zone 6,University Gate,13.137521,80.221019,Solved,Medium,0,41,Male,Friday,21,Trespassing reported near University Gate.
Robbery,Violent Crime,2026-06-09,06:10:57,Zone 4,Harbor Front,13.12929,80.20134,Pending,High,0,61,Other,Tuesday,6,Robbery reported near Lakeview Colony.
Public Intoxication,Public Order,2025-09-28,06:07:25,Zone 3,Riverside Park,13.13436,80.332144,Pending,Critical,0,49,Male,Sunday,6,Public Intoxication reported near Railway Station Rd.
Robbery,Violent Crime,2026-06-26,09:48:44,Zone 4,Greenfield Sector 7,13.131725,80.22938,Solved,High,1,65,Male,Friday,9,Robbery reported near Harbor Front.
Robbery,Violent Crime,2026-02-04,18:09:21,Zone 5,MG Road Junction,13.140218,80.230828,Under Investigation,Medium,1,41,Female,Wednesday,18,Robbery reported near Riverside Park.
Vandalism,Public Order,2026-04-12,09:42:46,Zone 3,Hilltop Avenue,13.072919,80.330114,Pending,Low,0,26,Male,Sunday,9,Vandalism reported near Hilltop Avenue.
Trespassing,Public Order,2026-06-12,16:01:39,Zone 3,Harbor Front,13.117977,80.306553,Under Investigation,Low,0,30,Male,Friday,16,Trespassing reported near Lakeview Colony.
Trespassing,Public Order,2026-05-16,20:02:36,Zone 1,Lakeview Colony,13.089993,80.193867,Pending,High,0,34,Other,Saturday,20,Trespassing reported near Greenfield Sector 7.
Robbery,Violent Crime,2025-07-31,19:22:40,Zone 4,Riverside Park,13.075497,80.337808,Solved,Medium,1,34,Other,Thursday,19,Robbery reported near University Gate.
Public Intoxication,Public Order,2026-04-24,20:27:51,Zone 2,Lakeview Colony,13.050677,80.197509,Under Investigation,Low,1,24,Other,Friday,20,Public Intoxication reported near Industrial Estate.
Public Intoxication,Public Order,2025-11-22,15:24:29,Zone 2,North Bus Depot,13.06087,80.242862,Solved,Low,0,61,Male,Saturday,15,Public Intoxication reported near Greenfield Sector 7.
Drug Trafficking,Narcotics,2025-11-20,21:50:26,Zone 2,Railway Station Rd,13.062671,80.239804,Pending,Low,0,35,Other,Thursday,21,Drug Trafficking reported near Lakeview Colony.
Shoplifting,Theft,2025-10-07,15:59:33,Zone 1,Riverside Park,13.071785,80.341612,Pending,Low,0,33,Other,Tuesday,15,Shoplifting reported near Harbor Front.
Trespassing,Public Order,2026-04-06,14:29:15,Zone 5,Greenfield Sector 7,13.141585,80.211589,Under Investigation,High,0,49,Other,Monday,14,Trespassing reported near Harbor Front.
Vehicle Theft,Theft,2026-07-06,21:55:03,Zone 1,North Bus Depot,13.055741,80.205092,Pending,High,0,35,Male,Monday,21,Vehicle Theft reported near Industrial Estate.
Drug Trafficking,Narcotics,2025-11-14,18:18:19,Zone 5,Hilltop Avenue,13.01894,80.280602,Solved,High,0,74,Other,Friday,18,Drug Trafficking reported near Lakeview Colony.
Trespassing,Public Order,2026-02-23,23:42:09,Zone 2,Railway Station Rd,13.14817,80.206231,Pending,Low,1,26,Male,Monday,23,Trespassing reported near Greenfield Sector 7.
Hacking,Cybercrime,2025-09-19,04:57:01,Zone 6,Central Market,13.157947,80.342157,Under Investigation,Medium,0,72,Female,Friday,4,Hacking reported near Central Market.
Shoplifting,Theft,2025-08-03,20:07:59,Zone 2,Central Market,13.129255,80.297725,Pending,Critical,0,38,Other,Sunday,20,Shoplifting reported near Railway Station Rd.
Drug Trafficking,Narcotics,2026-04-20,21:12:32,Zone 1,MG Road Junction,13.047539,80.273969,Under Investigation,High,0,57,Male,Monday,21,Drug Trafficking reported near University Gate.
Public Intoxication,Public Order,2026-01-25,11:48:42,Zone 3,Greenfield Sector 7,13.075994,80.203539,Under Investigation,Medium,0,16,Other,Sunday,11,Public Intoxication reported near Greenfield Sector 7.
Burglary,Theft,2025-11-17,11:44:43,Zone 1,Lakeview Colony,13.045945,80.250723,Under Investigation,Low,0,42,Other,Monday,11,Burglary reported near Industrial Estate.
Online Fraud,Cybercrime,2025-11-08,06:58:28,Zone 2,Hilltop Avenue,13.149704,80.204267,Solved,Medium,0,73,Male,Saturday,6,Online Fraud reported near MG Road Junction.
Burglary,Theft,2026-06-08,10:09:36,Zone 2,Industrial Estate,13.130933,80.31532,Solved,High,0,71,Other,Monday,10,Burglary reported near Central Market.
Trespassing,Public Order,2026-01-28,18:03:45,Zone 2,Central Market,13.024894,80.33758,Pending,High,0,16,Female,Wednesday,18,Trespassing reported near Harbor Front.
Vehicle Theft,Theft,2025-12-29,14:12:30,Zone 2,University Gate,13.133508,80.304018,Pending,Medium,0,59,Other,Monday,14,Vehicle Theft reported near MG Road Junction.
Assault,Violent Crime,2026-06-06,23:16:09,Zone 4,North Bus Depot,13.143208,80.282769,Pending,Medium,0,27,Female,Saturday,23,Assault reported near North Bus Depot.
Shoplifting,Theft,2025-09-11,12:18:13,Zone 2,Harbor Front,13.070944,80.322615,Pending,Medium,0,32,Female,Thursday,12,Shoplifting reported near Riverside Park.
Pickpocketing,Theft,2026-01-21,14:52:27,Zone 1,Central Market,13.015492,80.313009,Pending,Medium,0,36,Other,Wednesday,14,Pickpocketing reported near Industrial Estate.
Shoplifting,Theft,2026-02-02,10:51:30,Zone 6,North Bus Depot,13.061971,80.23874,Pending,Medium,0,53,Male,Monday,10,Shoplifting reported near MG Road Junction.
Hacking,Cybercrime,2025-11-21,22:54:25,Zone 6,Lakeview Colony,13.07688,80.334554,Solved,Medium,0,42,Male,Friday,22,Hacking reported near Riverside Park.
Trespassing,Public Order,2026-04-30,13:27:50,Zone 3,MG Road Junction,13.133485,80.335558,Solved,Low,1,41,Female,Thursday,13,Trespassing reported near Riverside Park.
Vandalism,Public Order,2025-11-03,07:53:54,Zone 3,Riverside Park,13.090593,80.227138,Solved,Medium,0,47,Other,Monday,7,Vandalism reported near MG Road Junction.
Shoplifting,Theft,2025-07-19,14:09:15,Zone 3,Harbor Front,13.085702,80.269777,Under Investigation,Low,0,26,Female,Saturday,14,Shoplifting reported near Harbor Front.
Trespassing,Public Order,2026-05-14,07:18:21,Zone 3,Central Market,13.118661,80.31984,Under Investigation,High,0,17,Female,Thursday,7,Trespassing reported near Industrial Estate.
Homicide,Violent Crime,2025-07-29,22:57:20,Zone 4,Industrial Estate,13.104119,80.334994,Solved,High,0,60,Male,Tuesday,22,Homicide reported near Riverside Park.
Drug Possession,Narcotics,2025-07-18,15:52:52,Zone 3,Lakeview Colony,13.042556,80.280828,Under Investigation,High,0,64,Male,Friday,15,Drug Possession reported near Greenfield Sector 7.
Public Intoxication,Public Order,2025-11-21,22:46:17,Zone 3,Industrial Estate,13.013408,80.253032,Pending,Low,0,70,Male,Friday,22,Public Intoxication reported near Railway Station Rd.
Vehicle Theft,Theft,2026-01-29,17:30:35,Zone 2,Hilltop Avenue,13.026079,80.234341,Pending,Low,1,28,Other,Thursday,17,Vehicle Theft reported near North Bus Depot.
Phishing,Cybercrime,2026-04-07,19:18:15,Zone 5,Old Town Square,13.129213,80.258379,Solved,High,0,29,Male,Tuesday,19,Phishing reported near Old Town Square.
Pickpocketing,Theft,2026-06-05,12:58:09,Zone 1,Old Town Square,13.07417,80.251823,Solved,Low,0,45,Female,Friday,12,Pickpocketing reported near North Bus Depot.
Online Fraud,Cybercrime,2025-09-19,07:01:07,Zone 6,University Gate,13.011088,80.242946,Solved,Medium,0,40,Other,Friday,7,Online Fraud reported near MG Road Junction.
Identity Theft,Cybercrime,2025-12-26,07:53:48,Zone 6,Hilltop Avenue,13.008225,80.235965,Pending,Medium,0,19,Other,Friday,7,Identity Theft reported near University Gate.
Phishing,Cybercrime,2026-06-12,03:33:10,Zone 6,Industrial Estate,13.15312,80.228302,Under Investigation,High,0,21,Female,Friday,3,Phishing reported near Industrial Estate.
Vehicle Theft,Theft,2025-10-20,15:25:44,Zone 1,Old Town Square,13.027497,80.322355,Solved,High,0,30,Male,Monday,15,Vehicle Theft reported near MG Road Junction.
Vehicle Theft,Theft,2025-08-21,12:02:14,Zone 6,Lakeview Colony,13.124064,80.342695,Solved,Critical,0,64,Other,Thursday,12,Vehicle Theft reported near Harbor Front.
Homicide,Violent Crime,2025-11-06,20:44:26,Zone 4,MG Road Junction,13.090705,80.197121,Pending,High,0,38,Other,Thursday,20,Homicide reported near Central Market.
Drug Possession,Narcotics,2025-12-25,02:00:58,Zone 5,North Bus Depot,13.103129,80.290347,Solved,Low,0,64,Other,Thursday,2,Drug Possession reported near Old Town Square.
Public Intoxication,Public Order,2025-12-27,19:28:01,Zone 3,Central Market,13.073987,80.345538,Solved,Medium,0,18,Female,Saturday,19,Public Intoxication reported near Central Market.
Robbery,Violent Crime,2025-09-28,21:43:13,Zone 6,Greenfield Sector 7,13.144564,80.321558,Pending,High,0,72,Female,Sunday,21,Robbery reported near North Bus Depot.
Drug Possession,Narcotics,2026-03-28,21:13:31,Zone 5,Riverside Park,13.154187,80.252871,Pending,Low,1,74,Female,Saturday,21,Drug Possession reported near Railway Station Rd.
Assault,Violent Crime,2025-09-04,22:54:01,Zone 5,Lakeview Colony,13.101784,80.327847,Solved,Critical,1,62,Other,Thursday,22,Assault reported near Riverside Park.
Burglary,Theft,2025-08-20,22:47:56,Zone 1,Central Market,13.062351,80.235497,Solved,Medium,0,35,Male,Wednesday,22,Burglary reported near Old Town Square.
Assault,Violent Crime,2025-08-25,22:59:30,Zone 4,University Gate,13.030633,80.208714,Under Investigation,High,1,51,Female,Monday,22,Assault reported near Old Town Square.
Vandalism,Public Order,2025-07-27,09:25:43,Zone 1,MG Road Junction,13.063088,80.196646,Solved,Low,0,52,Male,Sunday,9,Vandalism reported near Harbor Front.
Identity Theft,Cybercrime,2025-11-13,19:01:42,Zone 1,MG Road Junction,13.046214,80.330219,Solved,Low,0,57,Male,Thursday,19,Identity Theft reported near Greenfield Sector 7.
Vandalism,Public Order,2026-06-22,13:38:23,Zone 4,Hilltop Avenue,13.075701,80.266296,Solved,Low,0,50,Male,Monday,13,Vandalism reported near Industrial Estate.
Vandalism,Public Order,2025-09-21,13:22:49,Zone 6,Industrial Estate,13.049492,80.320976,Pending,Medium,0,43,Male,Sunday,13,Vandalism reported near Greenfield Sector 7.
Identity Theft,Cybercrime,2025-08-19,10:34:55,Zone 3,Harbor Front,13.111554,80.333059,Under Investigation,Low,0,25,Other,Tuesday,10,Identity Theft reported near Industrial Estate.
Robbery,Violent Crime,2026-04-01,04:26:56,Zone 5,Hilltop Avenue,13.020601,80.270921,Solved,Low,0,58,Male,Wednesday,4,Robbery reported near University Gate.
Hacking,Cybercrime,2026-05-17,17:51:23,Zone 2,Greenfield Sector 7,13.090452,80.253894,Solved,Medium,0,38,Other,Sunday,17,Hacking reported near Lakeview Colony.
Burglary,Theft,2025-08-22,12:53:44,Zone 6,Central Market,13.145937,80.220833,Pending,Low,0,47,Male,Friday,12,Burglary reported near Central Market.
Domestic Violence,Violent Crime,2026-02-11,18:06:52,Zone 6,Harbor Front,13.033261,80.193295,Under Investigation,Medium,0,20,Male,Wednesday,18,Domestic Violence reported near Old Town Square.
Public Intoxication,Public Order,2025-08-11,00:38:19,Zone 4,Harbor Front,13.057607,80.250687,Under Investigation,Low,0,55,Other,Monday,0,Public Intoxication reported near MG Road Junction.
Phishing,Cybercrime,2025-11-02,08:16:44,Zone 6,Lakeview Colony,13.078476,80.318353,Pending,High,0,60,Other,Sunday,8,Phishing reported near Greenfield Sector 7.
Vandalism,Public Order,2026-01-03,23:48:57,Zone 3,Harbor Front,13.016593,80.231045,Under Investigation,Low,0,75,Male,Saturday,23,Vandalism reported near Railway Station Rd.
Domestic Violence,Violent Crime,2026-06-28,13:49:45,Zone 4,Harbor Front,13.139443,80.225349,Solved,High,0,65,Male,Sunday,13,Domestic Violence reported near Hilltop Avenue.
Robbery,Violent Crime,2025-11-21,20:24:51,Zone 4,Railway Station Rd,13.150697,80.295292,Pending,Low,1,27,Female,Friday,20,Robbery reported near Old Town Square.
Shoplifting,Theft,2025-12-10,15:53:04,Zone 2,Riverside Park,13.03456,80.2685,Under Investigation,Low,0,65,Female,Wednesday,15,Shoplifting reported near MG Road Junction.
Public Intoxication,Public Order,2025-07-31,21:14:45,Zone 3,University Gate,13.073847,80.302825,Solved,High,0,54,Other,Thursday,21,Public Intoxication reported near MG Road Junction.
Domestic Violence,Violent Crime,2026-07-05,22:23:40,Zone 4,Central Market,13.089658,80.25768,Pending,Low,1,20,Male,Sunday,22,Domestic Violence reported near Old Town Square.
Hacking,Cybercrime,2025-10-30,21:56:08,Zone 6,Railway Station Rd,13.022062,80.216619,Pending,Medium,0,58,Other,Thursday,21,Hacking reported near Industrial Estate.
Drug Possession,Narcotics,2025-08-14,13:07:35,Zone 5,Industrial Estate,13.009061,80.223092,Solved,Low,0,19,Other,Thursday,13,Drug Possession reported near MG Road Junction.
Shoplifting,Theft,2025-09-19,00:56:51,Zone 1,Railway Station Rd,13.02463,80.338017,Solved,High,0,46,Female,Friday,0,Shoplifting reported near North Bus Depot.
Vehicle Theft,Theft,2026-05-03,18:09:55,Zone 1,Harbor Front,13.124383,80.26713,Solved,Critical,0,64,Female,Sunday,18,Vehicle Theft reported near Harbor Front.
Hacking,Cybercrime,2026-06-15,01:20:49,Zone 3,Railway Station Rd,13.065841,80.221517,Solved,Medium,0,54,Male,Monday,1,Hacking reported near University Gate.
Pickpocketing,Theft,2025-08-19,06:38:33,Zone 2,Central Market,13.04872,80.314396,Solved,Low,0,61,Male,Tuesday,6,Pickpocketing reported near Harbor Front.
Pickpocketing,Theft,2026-02-22,15:58:21,Zone 1,Hilltop Avenue,13.05126,80.276347,Under Investigation,Low,0,47,Female,Sunday,15,Pickpocketing reported near University Gate.
Drug Possession,Narcotics,2025-11-17,01:31:21,Zone 5,Old Town Square,13.087938,80.289319,Under Investigation,Low,0,54,Other,Monday,1,Drug Possession reported near North Bus Depot.
Online Fraud,Cybercrime,2025-09-30,08:19:12,Zone 3,Lakeview Colony,13.134818,80.273527,Solved,Medium,0,58,Other,Tuesday,8,Online Fraud reported near North Bus Depot.
Homicide,Violent Crime,2026-04-09,20:35:20,Zone 5,Old Town Square,13.035414,80.26473,Pending,High,0,56,Male,Thursday,20,Homicide reported near North Bus Depot.
Online Fraud,Cybercrime,2025-08-18,08:25:30,Zone 5,Old Town Square,13.117427,80.339897,Solved,Medium,0,54,Male,Monday,8,Online Fraud reported near Old Town Square.
Drug Trafficking,Narcotics,2026-07-15,02:59:16,Zone 1,Greenfield Sector 7,13.151149,80.263462,Solved,Critical,0,42,Male,Wednesday,2,Drug Trafficking reported near Old Town Square.
Trespassing,Public Order,2026-05-21,15:20:07,Zone 1,Central Market,13.025056,80.210367,Solved,Medium,1,33,Male,Thursday,15,Trespassing reported near Hilltop Avenue.
Drug Possession,Narcotics,2025-07-29,02:57:42,Zone 5,Lakeview Colony,13.093351,80.192277,Solved,Low,0,31,Male,Tuesday,2,Drug Possession reported near North Bus Depot.
Identity Theft,Cybercrime,2026-03-17,00:37:20,Zone 5,Hilltop Avenue,13.124676,80.218195,Solved,Critical,0,55,Male,Tuesday,0,Identity Theft reported near Riverside Park.
Drug Trafficking,Narcotics,2025-11-10,01:54:26,Zone 1,Central Market,13.038056,80.264221,Solved,Low,0,16,Male,Monday,1,Drug Trafficking reported near Harbor Front.
Trespassing,Public Order,2025-12-30,09:06:54,Zone 3,Greenfield Sector 7,13.01582,80.304688,Solved,Low,0,64,Female,Tuesday,9,Trespassing reported near MG Road Junction.
Domestic Violence,Violent Crime,2025-12-04,14:01:31,Zone 5,Central Market,13.083909,80.252764,Solved,High,0,54,Other,Thursday,14,Domestic Violence reported near Harbor Front.
Domestic Violence,Violent Crime,2026-04-01,13:25:17,Zone 4,MG Road Junction,13.042503,80.237209,Pending,Medium,1,59,Other,Wednesday,13,Domestic Violence reported near North Bus Depot.
Trespassing,Public Order,2026-07-04,18:23:24,Zone 6,Industrial Estate,13.005979,80.260507,Solved,Low,0,30,Female,Saturday,18,Trespassing reported near Industrial Estate.
Vandalism,Public Order,2026-03-25,19:38:33,Zone 3,Central Market,13.132323,80.326044,Pending,Critical,0,61,Male,Wednesday,19,Vandalism reported near Central Market.
Shoplifting,Theft,2026-06-05,21:28:09,Zone 5,Old Town Square,13.049604,80.32806,Solved,Low,1,26,Other,Friday,21,Shoplifting reported near Central Market.
Drug Possession,Narcotics,2025-09-25,20:55:55,Zone 2,North Bus Depot,13.153341,80.218851,Under Investigation,Medium,1,17,Male,Thursday,20,Drug Possession reported near Greenfield Sector 7.
Phishing,Cybercrime,2026-03-01,12:49:29,Zone 6,Riverside Park,13.09125,80.249729,Pending,Low,0,31,Male,Sunday,12,Phishing reported near Industrial Estate.
Drug Possession,Narcotics,2025-11-01,22:25:08,Zone 2,Industrial Estate,13.02942,80.265751,Pending,High,0,52,Female,Saturday,22,Drug Possession reported near Railway Station Rd.
Vehicle Theft,Theft,2025-07-16,06:38:48,Zone 2,Railway Station Rd,13.009464,80.347957,Pending,Low,0,59,Female,Wednesday,6,Vehicle Theft reported near Hilltop Avenue.
Drug Trafficking,Narcotics,2025-08-18,04:38:36,Zone 5,Hilltop Avenue,13.117637,80.310595,Solved,Medium,0,70,Female,Monday,4,Drug Trafficking reported near Riverside Park.
Shoplifting,Theft,2026-02-14,14:26:24,Zone 1,Lakeview Colony,13.062851,80.25048,Solved,Low,0,65,Other,Saturday,14,Shoplifting reported near Riverside Park.
Homicide,Violent Crime,2025-12-26,07:57:14,Zone 4,North Bus Depot,13.147286,80.231167,Solved,High,1,45,Male,Friday,7,Homicide reported near Lakeview Colony.
Burglary,Theft,2025-08-23,09:03:22,Zone 1,Industrial Estate,13.077114,80.252549,Pending,Medium,0,68,Other,Saturday,9,Burglary reported near Hilltop Avenue.
Domestic Violence,Violent Crime,2026-06-11,13:19:59,Zone 4,MG Road Junction,13.083775,80.192469,Pending,Medium,1,17,Other,Thursday,13,Domestic Violence reported near North Bus Depot.
Phishing,Cybercrime,2025-11-28,08:39:29,Zone 6,Greenfield Sector 7,13.058208,80.242947,Under Investigation,Low,0,23,Female,Friday,8,Phishing reported near Railway Station Rd.
Vehicle Theft,Theft,2026-04-28,09:45:28,Zone 4,Greenfield Sector 7,13.119732,80.292333,Solved,Low,0,40,Female,Tuesday,9,Vehicle Theft reported near Lakeview Colony.
Shoplifting,Theft,2026-07-10,07:36:12,Zone 2,North Bus Depot,13.069514,80.322848,Solved,Low,0,16,Male,Friday,7,Shoplifting reported near Riverside Park.
Pickpocketing,Theft,2026-06-13,12:10:59,Zone 1,University Gate,13.110318,80.208978,Solved,Medium,0,39,Female,Saturday,12,Pickpocketing reported near Old Town Square.
Identity Theft,Cybercrime,2025-10-20,16:53:45,Zone 5,North Bus Depot,13.097065,80.299916,Pending,High,0,30,Male,Monday,16,Identity Theft reported near Lakeview Colony.
Homicide,Violent Crime,2025-11-02,03:37:19,Zone 4,North Bus Depot,13.130968,80.231923,Under Investigation,Critical,1,72,Male,Sunday,3,Homicide reported near Railway Station Rd.
Drug Trafficking,Narcotics,2025-12-16,05:21:19,Zone 2,Industrial Estate,13.015681,80.216691,Solved,Medium,1,75,Male,Tuesday,5,Drug Trafficking reported near Lakeview Colony.
Domestic Violence,Violent Crime,2025-11-16,14:23:07,Zone 4,North Bus Depot,13.051981,80.268543,Solved,Critical,1,41,Female,Sunday,14,Domestic Violence reported near North Bus Depot.
Vandalism,Public Order,2026-01-25,18:37:24,Zone 3,Lakeview Colony,13.139212,80.206806,Solved,Low,0,47,Male,Sunday,18,Vandalism reported near University Gate.
Phishing,Cybercrime,2026-07-14,04:08:18,Zone 6,Industrial Estate,13.160092,80.249383,Under Investigation,Medium,0,58,Other,Tuesday,4,Phishing reported near Central Market.
Shoplifting,Theft,2026-01-28,01:37:05,Zone 1,Lakeview Colony,13.16081,80.288998,Solved,High,0,68,Female,Wednesday,1,Shoplifting reported near Central Market.
Drug Possession,Narcotics,2025-09-06,01:29:38,Zone 3,North Bus Depot,13.139083,80.215883,Pending,Medium,0,60,Female,Saturday,1,Drug Possession reported near MG Road Junction.
Domestic Violence,Violent Crime,2025-11-26,23:19:18,Zone 4,Old Town Square,13.107258,80.321042,Pending,High,1,58,Female,Wednesday,23,Domestic Violence reported near North Bus Depot.
Burglary,Theft,2026-06-28,02:56:07,Zone 2,Industrial Estate,13.026329,80.350416,Solved,Low,0,60,Female,Sunday,2,Burglary reported near Greenfield Sector 7.
Public Intoxication,Public Order,2026-05-14,19:42:35,Zone 2,Industrial Estate,13.119401,80.239107,Pending,Medium,1,26,Female,Thursday,19,Public Intoxication reported near North Bus Depot.
Vandalism,Public Order,2026-03-08,08:31:29,Zone 3,Industrial Estate,13.108033,80.254298,Solved,Medium,0,63,Other,Sunday,8,Vandalism reported near Lakeview Colony.
Online Fraud,Cybercrime,2026-07-13,22:26:05,Zone 6,North Bus Depot,13.080603,80.348839,Under Investigation,Low,0,48,Other,Monday,22,Online Fraud reported near Railway Station Rd.
Domestic Violence,Violent Crime,2026-06-27,19:45:21,Zone 3,Hilltop Avenue,13.130733,80.250384,Under Investigation,Low,1,28,Male,Saturday,19,Domestic Violence reported near Riverside Park.
Drug Trafficking,Narcotics,2025-10-17,22:37:39,Zone 3,University Gate,13.150953,80.222166,Solved,Medium,0,53,Other,Friday,22,Drug Trafficking reported near Old Town Square.
Vandalism,Public Order,2026-02-20,01:37:40,Zone 5,Greenfield Sector 7,13.157114,80.200748,Pending,High,0,52,Male,Friday,1,Vandalism reported near Industrial Estate.
Drug Trafficking,Narcotics,2026-02-12,21:52:14,Zone 5,North Bus Depot,13.109649,80.28343,Solved,Low,0,68,Female,Thursday,21,Drug Trafficking reported near North Bus Depot.
Assault,Violent Crime,2026-06-08,18:57:34,Zone 4,Old Town Square,13.153087,80.193315,Pending,Critical,1,65,Other,Monday,18,Assault reported near Harbor Front.
Burglary,Theft,2025-10-15,09:07:54,Zone 1,North Bus Depot,13.040273,80.348984,Pending,Medium,0,16,Other,Wednesday,9,Burglary reported near Lakeview Colony.
Burglary,Theft,2025-11-13,04:59:47,Zone 1,Lakeview Colony,13.119663,80.217744,Solved,Low,0,29,Other,Thursday,4,Burglary reported near Riverside Park.
Public Intoxication,Public Order,2026-02-07,19:40:04,Zone 3,Central Market,13.014896,80.215591,Under Investigation,Low,1,65,Female,Saturday,19,Public Intoxication reported near Riverside Park.
Phishing,Cybercrime,2025-11-01,11:07:30,Zone 1,Industrial Estate,13.10958,80.235228,Pending,Low,0,27,Female,Saturday,11,Phishing reported near North Bus Depot.
Vehicle Theft,Theft,2026-06-14,06:10:33,Zone 5,MG Road Junction,13.133135,80.276269,Pending,Medium,1,37,Female,Sunday,6,Vehicle Theft reported near Lakeview Colony.
Vandalism,Public Order,2026-04-22,18:30:49,Zone 1,Railway Station Rd,13.096517,80.302277,Under Investigation,Critical,0,51,Female,Wednesday,18,Vandalism reported near Lakeview Colony.
Assault,Violent Crime,2026-06-27,09:36:22,Zone 3,MG Road Junction,13.005439,80.297033,Pending,High,0,36,Female,Saturday,9,Assault reported near Central Market.
Drug Possession,Narcotics,2025-09-16,07:35:35,Zone 2,Industrial Estate,13.118845,80.245213,Under Investigation,Medium,0,31,Female,Tuesday,7,Drug Possession reported near Hilltop Avenue.
Assault,Violent Crime,2026-06-18,19:08:44,Zone 4,Central Market,13.044025,80.251433,Solved,Medium,0,49,Female,Thursday,19,Assault reported near Central Market.
Homicide,Violent Crime,2025-12-20,01:18:20,Zone 4,Central Market,13.032264,80.205592,Pending,Medium,1,39,Male,Saturday,1,Homicide reported near Central Market.
Phishing,Cybercrime,2026-04-13,05:51:05,Zone 3,Hilltop Avenue,13.039743,80.234942,Pending,High,0,74,Male,Monday,5,Phishing reported near University Gate.
Drug Trafficking,Narcotics,2025-10-06,03:57:25,Zone 5,Old Town Square,13.123068,80.197218,Pending,High,0,63,Male,Monday,3,Drug Trafficking reported near Riverside Park.
Vehicle Theft,Theft,2026-05-22,02:51:23,Zone 1,North Bus Depot,13.067658,80.207803,Under Investigation,Low,1,21,Female,Friday,2,Vehicle Theft reported near Riverside Park.
Drug Possession,Narcotics,2025-08-28,07:46:45,Zone 2,Lakeview Colony,13.022966,80.308758,Solved,High,0,16,Other,Thursday,7,Drug Possession reported near Hilltop Avenue.
Domestic Violence,Violent Crime,2025-10-09,03:13:39,Zone 3,Greenfield Sector 7,13.109401,80.221495,Solved,High,0,42,Other,Thursday,3,Domestic Violence reported near Old Town Square.
Vandalism,Public Order,2025-07-19,11:38:31,Zone 3,Greenfield Sector 7,13.002932,80.209038,Pending,Medium,0,27,Other,Saturday,11,Vandalism reported near Greenfield Sector 7.
Robbery,Violent Crime,2025-07-17,11:15:47,Zone 1,Central Market,13.01015,80.202252,Solved,High,1,52,Male,Thursday,11,Robbery reported near Harbor Front.
Pickpocketing,Theft,2026-05-22,07:09:09,Zone 2,Harbor Front,13.11859,80.316396,Solved,High,0,49,Other,Friday,7,Pickpocketing reported near Old Town Square.
Robbery,Violent Crime,2025-12-28,09:42:54,Zone 4,MG Road Junction,13.154182,80.229543,Solved,High,0,43,Female,Sunday,9,Robbery reported near Riverside Park.
Pickpocketing,Theft,2025-10-21,07:07:56,Zone 1,Hilltop Avenue,13.048654,80.236051,Pending,Low,0,20,Other,Tuesday,7,Pickpocketing reported near Railway Station Rd.
Vandalism,Public Order,2025-11-28,19:17:53,Zone 3,MG Road Junction,13.078994,80.253195,Under Investigation,Low,0,65,Male,Friday,19,Vandalism reported near Harbor Front.
Robbery,Violent Crime,2026-05-21,20:33:16,Zone 4,MG Road Junction,13.113085,80.23419,Pending,High,1,20,Other,Thursday,20,Robbery reported near Central Market.
Online Fraud,Cybercrime,2025-08-07,20:36:51,Zone 2,MG Road Junction,13.150609,80.338192,Under Investigation,Medium,0,25,Male,Thursday,20,Online Fraud reported near Industrial Estate.
Trespassing,Public Order,2026-01-23,16:11:06,Zone 6,North Bus Depot,13.119919,80.306041,Solved,Low,0,56,Female,Friday,16,Trespassing reported near Harbor Front.
Phishing,Cybercrime,2026-01-02,14:56:15,Zone 5,Hilltop Avenue,13.054654,80.327947,Pending,Low,0,37,Female,Friday,14,Phishing reported near North Bus Depot.
Vehicle Theft,Theft,2026-05-24,20:14:26,Zone 4,Harbor Front,13.141348,80.223493,Solved,Low,1,51,Female,Sunday,20,Vehicle Theft reported near University Gate.
Burglary,Theft,2026-03-26,04:16:00,Zone 2,North Bus Depot,13.149613,80.256162,Under Investigation,Critical,0,21,Female,Thursday,4,Burglary reported near North Bus Depot.
Drug Trafficking,Narcotics,2025-09-12,19:48:15,Zone 5,MG Road Junction,13.009767,80.300939,Pending,Medium,0,75,Female,Friday,19,Drug Trafficking reported near North Bus Depot.
Vehicle Theft,Theft,2025-10-31,08:36:17,Zone 4,Riverside Park,13.002715,80.302121,Pending,High,0,17,Other,Friday,8,Vehicle Theft reported near Central Market.
Online Fraud,Cybercrime,2026-04-19,05:02:46,Zone 6,MG Road Junction,13.031403,80.323064,Solved,Low,0,58,Female,Sunday,5,Online Fraud reported near North Bus Depot.
Drug Possession,Narcotics,2026-04-02,16:56:48,Zone 5,Railway Station Rd,13.050635,80.300582,Under Investigation,Low,0,40,Male,Thursday,16,Drug Possession reported near Riverside Park.
Vandalism,Public Order,2025-07-30,06:48:10,Zone 3,Old Town Square,13.036586,80.215298,Under Investigation,Low,0,61,Other,Wednesday,6,Vandalism reported near University Gate.
Drug Trafficking,Narcotics,2025-11-27,21:38:34,Zone 5,Railway Station Rd,13.108383,80.225194,Under Investigation,Low,0,33,Female,Thursday,21,Drug Trafficking reported near Old Town Square.
Drug Possession,Narcotics,2026-04-06,03:49:34,Zone 5,MG Road Junction,13.077079,80.205264,Solved,Medium,0,30,Other,Monday,3,Drug Possession reported near University Gate.
Pickpocketing,Theft,2025-12-25,14:47:52,Zone 5,MG Road Junction,13.024335,80.273573,Solved,Medium,0,48,Other,Thursday,14,Pickpocketing reported near Hilltop Avenue.
Vehicle Theft,Theft,2026-01-23,13:16:16,Zone 1,North Bus Depot,13.055832,80.212489,Under Investigation,Low,0,24,Male,Friday,13,Vehicle Theft reported near University Gate.
Online Fraud,Cybercrime,2025-08-30,01:46:40,Zone 6,Old Town Square,13.090176,80.308739,Solved,Low,0,70,Female,Saturday,1,Online Fraud reported near MG Road Junction.
Vehicle Theft,Theft,2026-07-01,09:48:47,Zone 1,Central Market,13.131976,80.284434,Under Investigation,Low,0,44,Other,Wednesday,9,Vehicle Theft reported near Harbor Front.
Trespassing,Public Order,2025-09-10,20:22:20,Zone 3,Old Town Square,13.063347,80.209125,Pending,High,0,26,Male,Wednesday,20,Trespassing reported near Hilltop Avenue.
Drug Trafficking,Narcotics,2026-02-18,10:49:04,Zone 2,Lakeview Colony,13.026792,80.322597,Solved,Low,0,46,Male,Wednesday,10,Drug Trafficking reported near Hilltop Avenue.
Assault,Violent Crime,2025-09-13,00:16:56,Zone 4,Hilltop Avenue,13.041998,80.245956,Pending,Medium,1,25,Female,Saturday,0,Assault reported near Lakeview Colony.
Drug Trafficking,Narcotics,2026-05-01,09:20:23,Zone 5,MG Road Junction,13.108512,80.249294,Solved,High,0,51,Other,Friday,9,Drug Trafficking reported near MG Road Junction.
Hacking,Cybercrime,2026-04-01,09:54:39,Zone 6,Greenfield Sector 7,13.092022,80.289595,Solved,High,0,65,Other,Wednesday,9,Hacking reported near Hilltop Avenue.
Vehicle Theft,Theft,2026-03-01,21:55:25,Zone 2,Old Town Square,13.04315,80.275272,Pending,High,1,56,Other,Sunday,21,Vehicle Theft reported near Old Town Square.
Hacking,Cybercrime,2025-11-03,12:24:45,Zone 6,Riverside Park,13.124916,80.275231,Solved,Low,0,59,Male,Monday,12,Hacking reported near Riverside Park.
Identity Theft,Cybercrime,2026-04-19,13:42:42,Zone 6,Lakeview Colony,13.119588,80.255923,Solved,Low,0,64,Other,Sunday,13,Identity Theft reported near Riverside Park.
Drug Trafficking,Narcotics,2026-03-29,04:49:16,Zone 3,Lakeview Colony,13.015847,80.330451,Under Investigation,High,0,26,Female,Sunday,4,Drug Trafficking reported near Industrial Estate.
Burglary,Theft,2025-12-22,16:23:21,Zone 3,Harbor Front,13.089655,80.220613,Pending,Low,1,21,Female,Monday,16,Burglary reported near Lakeview Colony.
Public Intoxication,Public Order,2026-02-17,18:52:33,Zone 3,Hilltop Avenue,13.083535,80.337588,Solved,Medium,0,60,Other,Tuesday,18,Public Intoxication reported near Hilltop Avenue.
Identity Theft,Cybercrime,2026-05-08,14:44:03,Zone 2,Old Town Square,13.110488,80.245089,Pending,Low,0,31,Male,Friday,14,Identity Theft reported near North Bus Depot.
Online Fraud,Cybercrime,2025-10-20,14:56:45,Zone 2,Central Market,13.022249,80.307252,Under Investigation,High,0,22,Other,Monday,14,Online Fraud reported near Greenfield Sector 7.
Assault,Violent Crime,2025-10-11,19:12:15,Zone 4,Industrial Estate,13.097631,80.29164,Solved,Medium,0,30,Male,Saturday,19,Assault reported near Lakeview Colony.
Pickpocketing,Theft,2026-01-29,04:32:54,Zone 1,Riverside Park,13.067852,80.279108,Solved,High,1,29,Male,Thursday,4,Pickpocketing reported near MG Road Junction.
Drug Trafficking,Narcotics,2026-05-19,01:38:33,Zone 5,Old Town Square,13.150592,80.229802,Pending,Low,0,62,Female,Tuesday,1,Drug Trafficking reported near Greenfield Sector 7.
Vandalism,Public Order,2025-09-02,14:39:50,Zone 1,Hilltop Avenue,13.058027,80.332441,Under Investigation,Low,0,56,Other,Tuesday,14,Vandalism reported near Old Town Square.
Burglary,Theft,2026-03-19,13:21:53,Zone 1,Riverside Park,13.00692,80.212987,Under Investigation,Critical,0,29,Other,Thursday,13,Burglary reported near Greenfield Sector 7.
Drug Possession,Narcotics,2025-11-27,04:26:04,Zone 5,Hilltop Avenue,13.017456,80.340104,Solved,Medium,1,50,Female,Thursday,4,Drug Possession reported near University Gate.
Shoplifting,Theft,2026-03-16,21:27:27,Zone 1,Lakeview Colony,13.157306,80.309701,Pending,Medium,0,65,Male,Monday,21,Shoplifting reported near MG Road Junction.
Burglary,Theft,2026-01-12,11:38:05,Zone 2,University Gate,13.133608,80.312738,Solved,Low,0,29,Male,Monday,11,Burglary reported near Riverside Park.
Shoplifting,Theft,2026-01-15,17:32:35,Zone 2,Hilltop Avenue,13.032045,80.282227,Solved,Medium,0,57,Male,Thursday,17,Shoplifting reported near Greenfield Sector 7.
Identity Theft,Cybercrime,2026-06-26,05:57:35,Zone 2,Old Town Square,13.003493,80.27515,Solved,Medium,0,31,Female,Friday,5,Identity Theft reported near Harbor Front.
Drug Possession,Narcotics,2025-12-20,02:41:23,Zone 5,MG Road Junction,13.101021,80.210562,Pending,Low,0,54,Male,Saturday,2,Drug Possession reported near Hilltop Avenue.
Drug Possession,Narcotics,2026-02-18,13:59:01,Zone 3,Greenfield Sector 7,13.117044,80.263197,Solved,Low,0,61,Other,Wednesday,13,Drug Possession reported near Greenfield Sector 7.
Hacking,Cybercrime,2025-08-14,19:41:38,Zone 6,Railway Station Rd,13.124219,80.310063,Pending,Medium,0,21,Other,Thursday,19,Hacking reported near Old Town Square.
Shoplifting,Theft,2025-09-22,14:36:15,Zone 2,Greenfield Sector 7,13.026209,80.281154,Under Investigation,Low,0,55,Male,Monday,14,Shoplifting reported near Riverside Park.
Burglary,Theft,2026-02-16,17:27:25,Zone 2,Hilltop Avenue,13.092926,80.3444,Solved,Low,0,46,Male,Monday,17,Burglary reported near Lakeview Colony.
Hacking,Cybercrime,2026-06-30,10:47:13,Zone 6,North Bus Depot,13.05222,80.341585,Pending,Medium,0,36,Other,Tuesday,10,Hacking reported near Harbor Front.
Robbery,Violent Crime,2025-08-13,21:53:52,Zone 5,Central Market,13.15965,80.323182,Under Investigation,Critical,1,25,Other,Wednesday,21,Robbery reported near Greenfield Sector 7.
Drug Possession,Narcotics,2025-10-08,05:48:22,Zone 5,Greenfield Sector 7,13.08982,80.214158,Pending,Medium,0,40,Female,Wednesday,5,Drug Possession reported near Lakeview Colony.
Online Fraud,Cybercrime,2026-07-08,11:27:06,Zone 6,Hilltop Avenue,13.110222,80.300407,Solved,Low,0,36,Other,Wednesday,11,Online Fraud reported near Industrial Estate.
Burglary,Theft,2026-03-01,13:15:37,Zone 1,MG Road Junction,13.130105,80.240419,Solved,Medium,0,69,Male,Sunday,13,Burglary reported near Railway Station Rd.
Pickpocketing,Theft,2025-09-11,20:24:04,Zone 2,Central Market,13.162451,80.209385,Solved,Critical,0,58,Male,Thursday,20,Pickpocketing reported near Greenfield Sector 7.
Vehicle Theft,Theft,2026-06-12,13:39:41,Zone 3,Railway Station Rd,13.04738,80.237586,Solved,Medium,1,42,Male,Friday,13,Vehicle Theft reported near Harbor Front.
Drug Trafficking,Narcotics,2025-08-21,16:03:46,Zone 5,Greenfield Sector 7,13.061638,80.2927,Solved,Low,1,34,Female,Thursday,16,Drug Trafficking reported near Riverside Park.
Vandalism,Public Order,2025-12-21,19:38:08,Zone 1,Railway Station Rd,13.057828,80.279574,Pending,Low,1,75,Female,Sunday,19,Vandalism reported near MG Road Junction.
Drug Possession,Narcotics,2026-03-04,05:33:43,Zone 2,Riverside Park,13.088066,80.201445,Solved,Low,0,75,Female,Wednesday,5,Drug Possession reported near Industrial Estate.
Homicide,Violent Crime,2025-12-23,17:59:05,Zone 6,Central Market,13.076981,80.223487,Pending,Critical,1,54,Male,Tuesday,17,Homicide reported near MG Road Junction.
Domestic Violence,Violent Crime,2026-03-16,23:20:08,Zone 4,Railway Station Rd,13.077536,80.278078,Solved,Critical,1,20,Other,Monday,23,Domestic Violence reported near Hilltop Avenue.
Trespassing,Public Order,2026-06-21,22:20:03,Zone 3,Old Town Square,13.025236,80.253994,Solved,Medium,1,34,Male,Sunday,22,Trespassing reported near North Bus Depot.
Homicide,Violent Crime,2026-05-24,17:06:59,Zone 4,Riverside Park,13.025384,80.264813,Solved,Critical,1,20,Male,Sunday,17,Homicide reported near Riverside Park.
Hacking,Cybercrime,2025-09-17,19:06:40,Zone 6,Hilltop Avenue,13.033642,80.273808,Solved,Critical,0,37,Other,Wednesday,19,Hacking reported near Railway Station Rd.
Vandalism,Public Order,2025-12-10,22:34:15,Zone 6,MG Road Junction,13.142963,80.326392,Solved,Low,0,37,Male,Wednesday,22,Vandalism reported near Greenfield Sector 7.
Pickpocketing,Theft,2025-07-21,13:40:27,Zone 4,Railway Station Rd,13.067145,80.339037,Solved,Low,0,31,Female,Monday,13,Pickpocketing reported near Hilltop Avenue.
Shoplifting,Theft,2026-07-14,13:05:42,Zone 2,Lakeview Colony,13.137209,80.219572,Solved,Medium,0,59,Other,Tuesday,13,Shoplifting reported near Industrial Estate.
Drug Trafficking,Narcotics,2026-05-24,05:09:46,Zone 1,Industrial Estate,13.014358,80.294908,Pending,High,0,52,Female,Sunday,5,Drug Trafficking reported near Railway Station Rd.
Drug Trafficking,Narcotics,2026-03-17,16:34:18,Zone 5,Industrial Estate,13.128036,80.329592,Under Investigation,Critical,0,67,Male,Tuesday,16,Drug Trafficking reported near Greenfield Sector 7.
Drug Trafficking,Narcotics,2025-09-13,09:18:41,Zone 6,Harbor Front,13.023498,80.331899,Pending,Low,0,20,Other,Saturday,9,Drug Trafficking reported near Central Market.
Trespassing,Public Order,2025-10-09,15:51:48,Zone 3,Hilltop Avenue,13.148767,80.301945,Solved,Low,0,41,Female,Thursday,15,Trespassing reported near Lakeview Colony.
Robbery,Violent Crime,2026-07-02,16:24:49,Zone 4,Greenfield Sector 7,13.015179,80.288944,Pending,High,1,50,Female,Thursday,16,Robbery reported near Lakeview Colony.
Drug Trafficking,Narcotics,2025-10-30,19:09:53,Zone 5,Harbor Front,13.136154,80.241919,Pending,Medium,0,50,Female,Thursday,19,Drug Trafficking reported near Harbor Front.
Drug Possession,Narcotics,2025-07-31,20:23:03,Zone 5,Lakeview Colony,13.11398,80.331983,Pending,Medium,1,40,Other,Thursday,20,Drug Possession reported near Greenfield Sector 7.
Drug Possession,Narcotics,2026-07-01,02:57:34,Zone 3,Hilltop Avenue,13.030845,80.310136,Solved,High,0,41,Female,Wednesday,2,Drug Possession reported near Greenfield Sector 7.
Homicide,Violent Crime,2025-09-06,09:15:40,Zone 4,North Bus Depot,13.154962,80.300064,Pending,High,1,71,Male,Saturday,9,Homicide reported near Hilltop Avenue.
Hacking,Cybercrime,2026-04-23,01:43:58,Zone 5,Railway Station Rd,13.055161,80.275986,Under Investigation,Low,0,27,Female,Thursday,1,Hacking reported near Lakeview Colony.
Domestic Violence,Violent Crime,2025-09-18,22:14:21,Zone 2,Hilltop Avenue,13.087459,80.315769,Under Investigation,High,0,22,Other,Thursday,22,Domestic Violence reported near University Gate.
Assault,Violent Crime,2025-08-19,18:24:54,Zone 4,Old Town Square,13.09209,80.193201,Pending,Medium,1,30,Male,Tuesday,18,Assault reported near North Bus Depot.
Vehicle Theft,Theft,2026-05-19,14:10:03,Zone 3,Central Market,13.034564,80.323984,Pending,Low,0,69,Female,Tuesday,14,Vehicle Theft reported near North Bus Depot.
Homicide,Violent Crime,2026-02-15,06:52:20,Zone 4,Lakeview Colony,13.035068,80.225355,Solved,Medium,1,46,Other,Sunday,6,Homicide reported near Hilltop Avenue.
Pickpocketing,Theft,2025-11-28,02:39:17,Zone 1,Central Market,13.155137,80.21465,Solved,High,0,18,Female,Friday,2,Pickpocketing reported near Riverside Park.
Assault,Violent Crime,2025-07-24,18:35:03,Zone 4,North Bus Depot,13.099511,80.324286,Solved,Critical,0,70,Other,Thursday,18,Assault reported near Hilltop Avenue.
Hacking,Cybercrime,2026-04-24,22:35:51,Zone 5,Greenfield Sector 7,13.148763,80.314837,Under Investigation,Medium,0,48,Female,Friday,22,Hacking reported near Railway Station Rd.
Drug Trafficking,Narcotics,2026-04-22,08:21:32,Zone 5,Greenfield Sector 7,13.056666,80.309228,Solved,Medium,0,43,Female,Wednesday,8,Drug Trafficking reported near Industrial Estate.
Online Fraud,Cybercrime,2025-11-01,07:39:58,Zone 6,MG Road Junction,13.021685,80.203976,Under Investigation,Medium,0,24,Male,Saturday,7,Online Fraud reported near MG Road Junction.
Shoplifting,Theft,2026-01-06,08:41:56,Zone 1,Central Market,13.039834,80.344054,Under Investigation,Low,1,67,Female,Tuesday,8,Shoplifting reported near Industrial Estate.
Shoplifting,Theft,2026-01-22,01:13:40,Zone 1,Hilltop Avenue,13.103981,80.279587,Solved,Low,0,49,Other,Thursday,1,Shoplifting reported near Lakeview Colony.
Vandalism,Public Order,2025-11-03,14:57:40,Zone 4,Riverside Park,13.128912,80.305798,Pending,Low,0,39,Other,Monday,14,Vandalism reported near University Gate.
Identity Theft,Cybercrime,2026-02-19,22:04:33,Zone 6,Central Market,13.03765,80.320871,Under Investigation,Medium,0,63,Male,Thursday,22,Identity Theft reported near North Bus Depot.
Burglary,Theft,2025-08-20,14:39:05,Zone 1,Railway Station Rd,13.012138,80.308827,Solved,High,0,26,Male,Wednesday,14,Burglary reported near University Gate.
Drug Possession,Narcotics,2025-10-17,20:25:33,Zone 5,Railway Station Rd,13.115687,80.297125,Solved,Low,0,36,Female,Friday,20,Drug Possession reported near University Gate.
Hacking,Cybercrime,2026-05-07,03:36:02,Zone 3,Harbor Front,13.054769,80.289678,Pending,Medium,0,63,Female,Thursday,3,Hacking reported near Lakeview Colony.
Pickpocketing,Theft,2026-06-18,19:45:28,Zone 6,Railway Station Rd,13.156356,80.293967,Solved,Low,0,66,Other,Thursday,19,Pickpocketing reported near University Gate.
Drug Possession,Narcotics,2026-07-01,02:09:36,Zone 2,Central Market,13.155531,80.336243,Solved,Low,0,62,Female,Wednesday,2,Drug Possession reported near Industrial Estate.
Shoplifting,Theft,2026-03-17,13:15:57,Zone 6,Hilltop Avenue,13.02935,80.295231,Pending,Medium,0,29,Female,Tuesday,13,Shoplifting reported near Hilltop Avenue.
Vandalism,Public Order,2025-11-07,15:47:56,Zone 3,Industrial Estate,13.081596,80.21655,Solved,Low,0,32,Female,Friday,15,Vandalism reported near Greenfield Sector 7.
Burglary,Theft,2025-11-29,17:55:37,Zone 4,North Bus Depot,13.072907,80.220587,Solved,Low,0,58,Other,Saturday,17,Burglary reported near Railway Station Rd.
Burglary,Theft,2025-11-06,06:35:58,Zone 5,Riverside Park,13.085731,80.211607,Under Investigation,Low,0,66,Female,Thursday,6,Burglary reported near Lakeview Colony.
Burglary,Theft,2026-04-19,19:16:48,Zone 6,Hilltop Avenue,13.091374,80.287753,Pending,High,1,71,Other,Sunday,19,Burglary reported near Railway Station Rd.
Identity Theft,Cybercrime,2026-04-13,15:25:59,Zone 3,MG Road Junction,13.012441,80.324757,Under Investigation,High,0,28,Male,Monday,15,Identity Theft reported near Old Town Square.
Public Intoxication,Public Order,2025-08-20,21:54:50,Zone 3,North Bus Depot,13.094516,80.208217,Solved,Low,0,71,Other,Wednesday,21,Public Intoxication reported near Greenfield Sector 7.
Burglary,Theft,2025-08-20,06:59:46,Zone 1,Old Town Square,13.153392,80.310585,Solved,Medium,0,57,Other,Wednesday,6,Burglary reported near Hilltop Avenue.
Burglary,Theft,2026-07-13,11:30:05,Zone 2,MG Road Junction,13.036367,80.285658,Solved,Low,1,56,Male,Monday,11,Burglary reported near University Gate.
Burglary,Theft,2026-05-16,11:48:42,Zone 2,Lakeview Colony,13.025042,80.209127,Solved,Medium,0,41,Male,Saturday,11,Burglary reported near Riverside Park.
Vehicle Theft,Theft,2025-11-30,16:42:47,Zone 2,University Gate,13.150785,80.312292,Pending,High,0,29,Male,Sunday,16,Vehicle Theft reported near Old Town Square.
Drug Trafficking,Narcotics,2026-01-25,11:42:11,Zone 5,Old Town Square,13.075555,80.331,Solved,High,0,27,Male,Sunday,11,Drug Trafficking reported near Central Market.
Trespassing,Public Order,2025-07-31,18:08:59,Zone 3,Old Town Square,13.056645,80.192099,Solved,Medium,1,40,Male,Thursday,18,Trespassing reported near MG Road Junction.
Drug Trafficking,Narcotics,2026-01-17,21:04:51,Zone 5,Greenfield Sector 7,13.121438,80.295525,Pending,High,0,38,Male,Saturday,21,Drug Trafficking reported near University Gate.
Drug Possession,Narcotics,2026-05-28,23:07:09,Zone 5,Old Town Square,13.046774,80.258518,Solved,Low,0,64,Male,Thursday,23,Drug Possession reported near North Bus Depot.
Vehicle Theft,Theft,2026-04-28,06:30:59,Zone 1,Old Town Square,13.01131,80.210398,Pending,Medium,0,19,Male,Tuesday,6,Vehicle Theft reported near Greenfield Sector 7.
Drug Possession,Narcotics,2025-12-07,21:01:26,Zone 5,Industrial Estate,13.039212,80.210937,Under Investigation,Low,0,36,Female,Sunday,21,Drug Possession reported near Riverside Park.
Burglary,Theft,2025-07-22,01:03:07,Zone 6,Harbor Front,13.005398,80.24881,Pending,High,1,44,Female,Tuesday,1,Burglary reported near Lakeview Colony.
Hacking,Cybercrime,2025-09-16,08:27:53,Zone 3,Old Town Square,13.030297,80.230076,Solved,Medium,0,45,Female,Tuesday,8,Hacking reported near MG Road Junction.
Vehicle Theft,Theft,2026-05-16,06:13:01,Zone 1,Old Town Square,13.131675,80.308569,Solved,Low,0,64,Male,Saturday,6,Vehicle Theft reported near Railway Station Rd.
Vehicle Theft,Theft,2025-10-11,13:51:46,Zone 2,Industrial Estate,13.109931,80.262342,Pending,Low,0,61,Male,Saturday,13,Vehicle Theft reported near Railway Station Rd.
Vehicle Theft,Theft,2025-12-18,05:03:29,Zone 1,Hilltop Avenue,13.116719,80.243842,Solved,Critical,0,33,Female,Thursday,5,Vehicle Theft reported near Old Town Square.
Assault,Violent Crime,2025-07-21,01:36:27,Zone 2,Lakeview Colony,13.031776,80.275771,Solved,High,1,54,Female,Monday,1,Assault reported near Railway Station Rd.
Vehicle Theft,Theft,2026-01-27,23:51:55,Zone 1,Old Town Square,13.127021,80.287814,Under Investigation,Low,0,69,Female,Tuesday,23,Vehicle Theft reported near Lakeview Colony.
Shoplifting,Theft,2025-09-20,13:53:08,Zone 4,Lakeview Colony,13.114616,80.266701,Solved,Low,1,22,Female,Saturday,13,Shoplifting reported near Industrial Estate.
Vehicle Theft,Theft,2026-06-20,14:42:29,Zone 6,Hilltop Avenue,13.022592,80.231071,Pending,Low,0,65,Other,Saturday,14,Vehicle Theft reported near Central Market.
Phishing,Cybercrime,2026-02-05,16:45:04,Zone 6,MG Road Junction,13.053367,80.218239,Pending,Low,0,67,Other,Thursday,16,Phishing reported near Old Town Square.
Public Intoxication,Public Order,2025-09-08,23:40:14,Zone 6,Lakeview Colony,13.106384,80.222486,Under Investigation,Medium,0,54,Other,Monday,23,Public Intoxication reported near University Gate.
Public Intoxication,Public Order,2026-05-27,09:18:03,Zone 3,Lakeview Colony,13.080303,80.282063,Pending,Low,0,27,Male,Wednesday,9,Public Intoxication reported near University Gate.
Drug Trafficking,Narcotics,2025-09-20,22:39:28,Zone 6,Harbor Front,13.131822,80.201419,Under Investigation,High,0,24,Male,Saturday,22,Drug Trafficking reported near North Bus Depot.
Domestic Violence,Violent Crime,2025-10-13,06:26:03,Zone 4,Old Town Square,13.137264,80.296421,Pending,High,1,22,Other,Monday,6,Domestic Violence reported near Central Market.
Pickpocketing,Theft,2026-05-02,04:28:01,Zone 2,Hilltop Avenue,13.119653,80.2767,Under Investigation,Medium,1,17,Male,Saturday,4,Pickpocketing reported near Hilltop Avenue.
Online Fraud,Cybercrime,2026-04-25,10:56:56,Zone 4,Railway Station Rd,13.059668,80.272803,Pending,High,0,48,Female,Saturday,10,Online Fraud reported near Railway Station Rd.
Vehicle Theft,Theft,2026-07-03,13:26:30,Zone 1,Greenfield Sector 7,13.053932,80.297353,Solved,High,0,21,Female,Friday,13,Vehicle Theft reported near Greenfield Sector 7.
Assault,Violent Crime,2026-04-26,22:43:52,Zone 4,Riverside Park,13.097169,80.317334,Under Investigation,High,1,45,Other,Sunday,22,Assault reported near Lakeview Colony.
Trespassing,Public Order,2025-08-25,11:37:22,Zone 5,Central Market,13.039394,80.209566,Pending,High,0,38,Female,Monday,11,Trespassing reported near MG Road Junction.
Robbery,Violent Crime,2025-11-09,20:51:44,Zone 4,Railway Station Rd,13.091214,80.226561,Pending,High,1,53,Other,Sunday,20,Robbery reported near Harbor Front.
Identity Theft,Cybercrime,2025-08-23,21:59:26,Zone 6,North Bus Depot,13.115022,80.235986,Solved,Medium,0,62,Female,Saturday,21,Identity Theft reported near Greenfield Sector 7.
Domestic Violence,Violent Crime,2025-10-27,08:28:00,Zone 4,Greenfield Sector 7,13.027172,80.244783,Under Investigation,High,0,64,Male,Monday,8,Domestic Violence reported near Harbor Front.
Robbery,Violent Crime,2026-07-15,23:50:49,Zone 4,Lakeview Colony,13.03822,80.27624,Pending,High,1,24,Female,Wednesday,23,Robbery reported near Lakeview Colony.
Domestic Violence,Violent Crime,2025-09-10,04:01:39,Zone 4,University Gate,13.135983,80.204969,Solved,Low,1,31,Female,Wednesday,4,Domestic Violence reported near Harbor Front.
Robbery,Violent Crime,2025-07-15,06:13:30,Zone 5,Old Town Square,13.117854,80.333811,Solved,Medium,1,36,Other,Tuesday,6,Robbery reported near Hilltop Avenue.
Vehicle Theft,Theft,2026-04-22,20:17:48,Zone 1,MG Road Junction,13.051034,80.213843,Solved,Low,0,71,Male,Wednesday,20,Vehicle Theft reported near University Gate.
Trespassing,Public Order,2025-12-14,21:30:48,Zone 3,University Gate,13.121154,80.334152,Pending,High,0,32,Other,Sunday,21,Trespassing reported near Hilltop Avenue.
Vehicle Theft,Theft,2025-12-22,17:09:06,Zone 5,North Bus Depot,13.04614,80.261556,Solved,Low,0,69,Female,Monday,17,Vehicle Theft reported near Greenfield Sector 7.
Public Intoxication,Public Order,2025-10-09,18:34:39,Zone 2,Railway Station Rd,13.131463,80.230536,Pending,Critical,0,35,Other,Thursday,18,Public Intoxication reported near Lakeview Colony.
Drug Possession,Narcotics,2026-01-29,14:20:51,Zone 5,MG Road Junction,13.108285,80.208403,Pending,Medium,0,70,Other,Thursday,14,Drug Possession reported near Railway Station Rd.
Public Intoxication,Public Order,2025-07-26,13:04:30,Zone 3,Hilltop Avenue,13.015277,80.299943,Pending,Low,0,67,Female,Saturday,13,Public Intoxication reported near North Bus Depot.
Domestic Violence,Violent Crime,2025-07-17,07:32:37,Zone 4,Greenfield Sector 7,13.044285,80.250282,Solved,Low,1,57,Other,Thursday,7,Domestic Violence reported near Greenfield Sector 7.
Identity Theft,Cybercrime,2026-04-16,07:24:24,Zone 3,Greenfield Sector 7,13.111885,80.234535,Under Investigation,High,0,43,Female,Thursday,7,Identity Theft reported near Railway Station Rd.
Domestic Violence,Violent Crime,2026-03-04,00:50:59,Zone 4,MG Road Junction,13.052419,80.258475,Solved,High,1,52,Female,Wednesday,0,Domestic Violence reported near Old Town Square.
Assault,Violent Crime,2025-12-11,11:50:23,Zone 3,Lakeview Colony,13.043994,80.25541,Pending,High,0,37,Other,Thursday,11,Assault reported near Old Town Square.
Shoplifting,Theft,2025-09-09,10:59:03,Zone 1,Riverside Park,13.004165,80.339806,Solved,Low,1,34,Male,Tuesday,10,Shoplifting reported near Railway Station Rd.
Trespassing,Public Order,2025-08-13,12:08:48,Zone 4,Central Market,13.053261,80.201473,Solved,Low,0,21,Female,Wednesday,12,Trespassing reported near Hilltop Avenue.
Trespassing,Public Order,2025-08-22,23:00:48,Zone 3,Railway Station Rd,13.14741,80.276596,Under Investigation,Low,0,61,Female,Friday,23,Trespassing reported near Hilltop Avenue.
Vehicle Theft,Theft,2026-04-18,14:22:28,Zone 2,University Gate,13.151616,80.334262,Solved,High,0,42,Female,Saturday,14,Vehicle Theft reported near Riverside Park.
Burglary,Theft,2026-05-21,02:33:16,Zone 6,Greenfield Sector 7,13.039309,80.312256,Solved,Medium,0,62,Female,Thursday,2,Burglary reported near Hilltop Avenue.
Shoplifting,Theft,2025-08-25,10:16:32,Zone 1,Industrial Estate,13.030673,80.211167,Solved,Medium,0,72,Female,Monday,10,Shoplifting reported near Industrial Estate.
Trespassing,Public Order,2025-12-09,12:23:18,Zone 3,Central Market,13.107053,80.244866,Under Investigation,Low,0,24,Male,Tuesday,12,Trespassing reported near Riverside Park.
Hacking,Cybercrime,2025-07-31,17:05:28,Zone 6,Old Town Square,13.072842,80.314469,Solved,High,0,57,Other,Thursday,17,Hacking reported near Harbor Front.
Online Fraud,Cybercrime,2026-07-01,20:35:34,Zone 6,University Gate,13.063421,80.217855,Pending,Low,0,16,Other,Wednesday,20,Online Fraud reported near Hilltop Avenue.
Pickpocketing,Theft,2026-03-12,08:45:40,Zone 1,Hilltop Avenue,13.033798,80.252558,Solved,Critical,1,48,Male,Thursday,8,Pickpocketing reported near Old Town Square.
Online Fraud,Cybercrime,2026-02-10,00:58:55,Zone 5,Lakeview Colony,13.114701,80.292199,Solved,Low,0,44,Female,Tuesday,0,Online Fraud reported near Hilltop Avenue.
Vandalism,Public Order,2025-12-10,23:17:16,Zone 3,Hilltop Avenue,13.043403,80.297904,Solved,Low,0,29,Other,Wednesday,23,Vandalism reported near Industrial Estate.
Online Fraud,Cybercrime,2025-11-27,02:41:43,Zone 6,Harbor Front,13.106846,80.336356,Solved,Medium,0,54,Male,Thursday,2,Online Fraud reported near Riverside Park.
Drug Trafficking,Narcotics,2025-10-13,20:36:37,Zone 5,University Gate,13.070794,80.284512,Under Investigation,Medium,0,54,Male,Monday,20,Drug Trafficking reported near Old Town Square.
Trespassing,Public Order,2026-05-08,06:53:28,Zone 3,Greenfield Sector 7,13.111664,80.231307,Under Investigation,Low,0,50,Other,Friday,6,Trespassing reported near Lakeview Colony.
Identity Theft,Cybercrime,2026-05-10,19:41:14,Zone 6,Central Market,13.097483,80.216737,Pending,Low,0,25,Male,Sunday,19,Identity Theft reported near Harbor Front.
Phishing,Cybercrime,2025-12-28,22:36:13,Zone 6,Greenfield Sector 7,13.160045,80.273433,Solved,Medium,0,51,Male,Sunday,22,Phishing reported near Riverside Park.
Vehicle Theft,Theft,2026-07-09,08:56:00,Zone 2,MG Road Junction,13.005304,80.301366,Solved,Low,0,48,Other,Thursday,8,Vehicle Theft reported near Greenfield Sector 7.
Trespassing,Public Order,2025-12-31,00:05:52,Zone 6,North Bus Depot,13.049975,80.250327,Under Investigation,Medium,0,73,Other,Wednesday,0,Trespassing reported near Old Town Square.
Vehicle Theft,Theft,2025-11-11,11:48:49,Zone 3,Greenfield Sector 7,13.139694,80.293342,Under Investigation,Low,0,36,Other,Tuesday,11,Vehicle Theft reported near Central Market.
Vehicle Theft,Theft,2025-11-23,20:00:23,Zone 1,Central Market,13.133479,80.235332,Solved,Low,0,37,Male,Sunday,20,Vehicle Theft reported near University Gate.
Pickpocketing,Theft,2025-12-12,04:00:57,Zone 1,North Bus Depot,13.106269,80.337282,Solved,Low,0,34,Male,Friday,4,Pickpocketing reported near Railway Station Rd.
Drug Trafficking,Narcotics,2025-09-04,03:39:30,Zone 5,Lakeview Colony,13.009413,80.289128,Solved,Low,0,51,Male,Thursday,3,Drug Trafficking reported near Old Town Square.
Drug Trafficking,Narcotics,2026-04-25,15:50:00,Zone 5,Central Market,13.087173,80.27709,Pending,Medium,0,46,Other,Saturday,15,Drug Trafficking reported near Harbor Front.
Drug Possession,Narcotics,2026-01-11,04:37:27,Zone 6,University Gate,13.031598,80.263265,Solved,Low,0,54,Male,Sunday,4,Drug Possession reported near Riverside Park.
Domestic Violence,Violent Crime,2025-07-21,16:40:33,Zone 1,Hilltop Avenue,13.09507,80.323666,Under Investigation,Medium,0,70,Male,Monday,16,Domestic Violence reported near Greenfield Sector 7.
Pickpocketing,Theft,2026-01-12,13:07:29,Zone 3,Lakeview Colony,13.080565,80.237226,Pending,Low,0,54,Male,Monday,13,Pickpocketing reported near Central Market.
Burglary,Theft,2026-02-23,14:37:25,Zone 1,Industrial Estate,13.153094,80.260419,Under Investigation,Low,0,48,Other,Monday,14,Burglary reported near Central Market.
Homicide,Violent Crime,2026-01-10,22:06:52,Zone 4,Lakeview Colony,13.091268,80.299662,Solved,High,1,65,Other,Saturday,22,Homicide reported near Riverside Park.
Robbery,Violent Crime,2026-01-09,21:45:36,Zone 1,Industrial Estate,13.00559,80.308191,Under Investigation,Low,1,42,Female,Friday,21,Robbery reported near MG Road Junction.
Robbery,Violent Crime,2026-02-23,23:32:10,Zone 4,MG Road Junction,13.149827,80.288464,Solved,Critical,1,21,Female,Monday,23,Robbery reported near Hilltop Avenue.
Drug Possession,Narcotics,2026-04-25,19:15:05,Zone 6,Industrial Estate,13.0245,80.25785,Under Investigation,Low,1,16,Female,Saturday,19,Drug Possession reported near Central Market.
Drug Possession,Narcotics,2026-05-31,13:00:39,Zone 1,Industrial Estate,13.03118,80.264911,Pending,High,1,27,Female,Sunday,13,Drug Possession reported near Central Market.
Online Fraud,Cybercrime,2025-12-03,19:08:12,Zone 6,Harbor Front,13.009716,80.26468,Pending,High,0,16,Male,Wednesday,19,Online Fraud reported near Railway Station Rd.
Shoplifting,Theft,2025-10-01,15:14:51,Zone 3,North Bus Depot,13.106038,80.318292,Pending,Medium,0,71,Female,Wednesday,15,Shoplifting reported near Industrial Estate.
Hacking,Cybercrime,2026-05-17,20:05:39,Zone 2,Old Town Square,13.129585,80.273047,Pending,Low,0,67,Other,Sunday,20,Hacking reported near Central Market.
Vehicle Theft,Theft,2026-03-05,02:22:49,Zone 2,Old Town Square,13.092537,80.288424,Pending,Low,0,29,Other,Thursday,2,Vehicle Theft reported near Industrial Estate.
Robbery,Violent Crime,2026-01-25,16:03:25,Zone 4,Greenfield Sector 7,13.140627,80.347342,Solved,High,1,51,Male,Sunday,16,Robbery reported near University Gate.
Drug Possession,Narcotics,2025-10-08,23:20:51,Zone 3,Lakeview Colony,13.039156,80.338082,Under Investigation,Medium,0,74,Male,Wednesday,23,Drug Possession reported near Hilltop Avenue.
Vehicle Theft,Theft,2025-11-29,21:45:03,Zone 1,Riverside Park,13.065656,80.262538,Under Investigation,Low,0,29,Other,Saturday,21,Vehicle Theft reported near Riverside Park.
Drug Possession,Narcotics,2025-10-12,22:20:06,Zone 6,Central Market,13.009501,80.291331,Under Investigation,Low,0,72,Male,Sunday,22,Drug Possession reported near Central Market.
Trespassing,Public Order,2025-12-30,18:43:01,Zone 1,Harbor Front,13.025472,80.319571,Solved,Medium,0,60,Male,Tuesday,18,Trespassing reported near Riverside Park.
Identity Theft,Cybercrime,2026-03-18,19:59:17,Zone 6,Central Market,13.114481,80.204005,Solved,Low,0,58,Male,Wednesday,19,Identity Theft reported near Riverside Park.
Drug Trafficking,Narcotics,2026-06-16,02:26:48,Zone 4,University Gate,13.132693,80.337736,Solved,Low,0,75,Male,Tuesday,2,Drug Trafficking reported near Industrial Estate.
Drug Trafficking,Narcotics,2025-12-02,22:21:02,Zone 6,North Bus Depot,13.07279,80.197712,Solved,High,0,70,Male,Tuesday,22,Drug Trafficking reported near Railway Station Rd.
Identity Theft,Cybercrime,2025-08-21,21:42:48,Zone 5,Harbor Front,13.135377,80.198403,Solved,Critical,0,55,Male,Thursday,21,Identity Theft reported near Old Town Square.
Phishing,Cybercrime,2026-07-15,08:02:56,Zone 6,Old Town Square,13.037022,80.197997,Under Investigation,Medium,0,20,Male,Wednesday,8,Phishing reported near Hilltop Avenue.
Burglary,Theft,2025-08-15,19:39:57,Zone 3,Harbor Front,13.030582,80.277971,Under Investigation,Low,0,52,Female,Friday,19,Burglary reported near Riverside Park.
Vehicle Theft,Theft,2026-06-29,11:31:36,Zone 1,Hilltop Avenue,13.153191,80.192788,Under Investigation,Low,0,19,Male,Monday,11,Vehicle Theft reported near Hilltop Avenue.
Public Intoxication,Public Order,2026-06-24,23:32:17,Zone 4,Old Town Square,13.113802,80.210749,Solved,High,0,35,Other,Wednesday,23,Public Intoxication reported near University Gate.
Vehicle Theft,Theft,2025-12-26,12:48:54,Zone 3,MG Road Junction,13.138142,80.244168,Solved,Low,0,20,Female,Friday,12,Vehicle Theft reported near North Bus Depot.
Robbery,Violent Crime,2025-12-28,12:29:34,Zone 4,Riverside Park,13.043463,80.283838,Pending,High,1,30,Male,Sunday,12,Robbery reported near Old Town Square.
Vehicle Theft,Theft,2026-06-29,01:57:57,Zone 3,Hilltop Avenue,13.070181,80.298983,Pending,Low,0,51,Female,Monday,1,Vehicle Theft reported near Hilltop Avenue.
Vandalism,Public Order,2026-05-18,14:28:14,Zone 3,Railway Station Rd,13.129833,80.289303,Solved,Low,1,37,Other,Monday,14,Vandalism reported near Hilltop Avenue.
Drug Possession,Narcotics,2026-06-02,14:37:49,Zone 5,Harbor Front,13.07046,80.217498,Solved,Low,1,67,Male,Tuesday,14,Drug Possession reported near MG Road Junction.
Identity Theft,Cybercrime,2026-01-15,04:16:29,Zone 6,Railway Station Rd,13.160029,80.333089,Solved,Medium,0,23,Male,Thursday,4,Identity Theft reported near Industrial Estate.
Vehicle Theft,Theft,2026-04-15,11:10:06,Zone 2,Hilltop Avenue,13.106226,80.287979,Under Investigation,Medium,0,66,Male,Wednesday,11,Vehicle Theft reported near Hilltop Avenue.
Shoplifting,Theft,2025-09-30,11:49:07,Zone 5,Greenfield Sector 7,13.083201,80.22453,Solved,Low,0,72,Female,Tuesday,11,Shoplifting reported near Greenfield Sector 7.
Hacking,Cybercrime,2026-04-22,09:33:02,Zone 6,Railway Station Rd,13.116113,80.310766,Under Investigation,High,0,50,Other,Wednesday,9,Hacking reported near Greenfield Sector 7.
Pickpocketing,Theft,2025-09-08,13:37:30,Zone 2,MG Road Junction,13.146574,80.319293,Solved,Low,1,58,Male,Monday,13,Pickpocketing reported near Hilltop Avenue.
Pickpocketing,Theft,2026-04-24,02:35:13,Zone 2,Harbor Front,13.101107,80.276565,Solved,Medium,0,25,Male,Friday,2,Pickpocketing reported near Old Town Square.
Pickpocketing,Theft,2026-02-23,07:08:59,Zone 1,Industrial Estate,13.122589,80.274684,Under Investigation,Low,0,52,Other,Monday,7,Pickpocketing reported near University Gate.
Assault,Violent Crime,2026-05-12,19:03:17,Zone 2,Railway Station Rd,13.152637,80.302041,Pending,Medium,0,38,Male,Tuesday,19,Assault reported near University Gate.
Burglary,Theft,2026-06-25,12:26:21,Zone 1,MG Road Junction,13.144514,80.255845,Under Investigation,Low,0,38,Other,Thursday,12,Burglary reported near Greenfield Sector 7.
Public Intoxication,Public Order,2025-11-22,14:37:06,Zone 2,Greenfield Sector 7,13.100477,80.226579,Pending,Medium,0,21,Female,Saturday,14,Public Intoxication reported near Harbor Front.
Pickpocketing,Theft,2026-02-13,18:02:55,Zone 6,MG Road Junction,13.153882,80.283826,Under Investigation,Critical,0,32,Male,Friday,18,Pickpocketing reported near University Gate.
Pickpocketing,Theft,2025-12-28,06:05:51,Zone 5,Lakeview Colony,13.141681,80.340922,Solved,Low,0,51,Female,Sunday,6,Pickpocketing reported near Lakeview Colony.
Assault,Violent Crime,2026-01-01,20:59:09,Zone 4,Old Town Square,13.016158,80.272643,Solved,High,1,65,Female,Thursday,20,Assault reported near Old Town Square.
Hacking,Cybercrime,2025-12-28,16:38:49,Zone 6,Harbor Front,13.03287,80.226655,Solved,Medium,0,54,Female,Sunday,16,Hacking reported near Riverside Park.
Robbery,Violent Crime,2025-12-31,16:53:07,Zone 4,University Gate,13.016854,80.345685,Pending,Medium,1,37,Other,Wednesday,16,Robbery reported near Hilltop Avenue.
Online Fraud,Cybercrime,2026-05-25,20:40:56,Zone 6,Harbor Front,13.155494,80.276108,Under Investigation,Medium,0,55,Male,Monday,20,Online Fraud reported near University Gate.
Robbery,Violent Crime,2026-02-07,19:36:43,Zone 5,University Gate,13.063543,80.225997,Under Investigation,High,1,34,Female,Saturday,19,Robbery reported near Riverside Park.
Online Fraud,Cybercrime,2026-03-23,06:12:52,Zone 3,Industrial Estate,13.008258,80.301024,Pending,Low,0,70,Other,Monday,6,Online Fraud reported near Hilltop Avenue.
Homicide,Violent Crime,2026-03-01,22:49:46,Zone 4,Lakeview Colony,13.065165,80.301073,Pending,High,1,53,Other,Sunday,22,Homicide reported near University Gate.
Online Fraud,Cybercrime,2026-01-13,10:36:30,Zone 3,Hilltop Avenue,13.161281,80.234037,Pending,Low,0,40,Male,Tuesday,10,Online Fraud reported near Lakeview Colony.
Assault,Violent Crime,2026-04-16,12:01:34,Zone 2,Old Town Square,13.114339,80.191967,Pending,Medium,1,48,Male,Thursday,12,Assault reported near Industrial Estate.
Drug Possession,Narcotics,2026-01-31,13:25:19,Zone 2,Old Town Square,13.137778,80.219776,Pending,High,0,24,Male,Saturday,13,Drug Possession reported near Industrial Estate.
Shoplifting,Theft,2026-04-14,06:52:18,Zone 6,Riverside Park,13.011122,80.297532,Solved,Low,0,42,Male,Tuesday,6,Shoplifting reported near Old Town Square.
Assault,Violent Crime,2025-11-26,15:42:49,Zone 3,Harbor Front,13.075964,80.20738,Solved,Critical,1,59,Other,Wednesday,15,Assault reported near Central Market.
Online Fraud,Cybercrime,2026-05-05,01:46:35,Zone 4,North Bus Depot,13.074161,80.337284,Solved,Medium,0,39,Other,Tuesday,1,Online Fraud reported near Old Town Square.
Trespassing,Public Order,2025-11-23,11:43:41,Zone 6,Harbor Front,13.145147,80.270389,Under Investigation,Low,0,75,Other,Sunday,11,Trespassing reported near MG Road Junction.
Identity Theft,Cybercrime,2026-05-02,21:29:28,Zone 6,North Bus Depot,13.023829,80.259496,Solved,Medium,0,45,Male,Saturday,21,Identity Theft reported near Central Market.
Shoplifting,Theft,2026-04-28,21:04:01,Zone 3,MG Road Junction,13.151111,80.249498,Solved,Medium,0,74,Male,Tuesday,21,Shoplifting reported near Railway Station Rd.
Online Fraud,Cybercrime,2026-06-12,04:29:42,Zone 6,North Bus Depot,13.138169,80.221879,Pending,Medium,0,52,Other,Friday,4,Online Fraud reported near Central Market.
Drug Possession,Narcotics,2025-11-05,22:12:07,Zone 2,Riverside Park,13.034398,80.290289,Pending,Low,0,74,Other,Wednesday,22,Drug Possession reported near MG Road Junction.
Drug Trafficking,Narcotics,2026-03-11,01:23:39,Zone 5,Riverside Park,13.05906,80.33362,Solved,Medium,0,25,Other,Wednesday,1,Drug Trafficking reported near University Gate.
Robbery,Violent Crime,2025-10-21,19:00:18,Zone 4,Industrial Estate,13.060874,80.266489,Under Investigation,High,1,30,Male,Tuesday,19,Robbery reported near North Bus Depot.
Homicide,Violent Crime,2026-06-28,15:58:03,Zone 4,Central Market,13.090896,80.264158,Pending,High,1,64,Other,Sunday,15,Homicide reported near Riverside Park.
Vehicle Theft,Theft,2026-07-08,06:25:06,Zone 2,Hilltop Avenue,13.059375,80.325951,Under Investigation,High,0,59,Other,Wednesday,6,Vehicle Theft reported near Harbor Front.
Trespassing,Public Order,2025-08-27,22:48:16,Zone 2,Old Town Square,13.088161,80.232023,Solved,Low,0,24,Male,Wednesday,22,Trespassing reported near North Bus Depot.
Robbery,Violent Crime,2026-04-24,01:06:48,Zone 2,University Gate,13.099889,80.231301,Pending,Medium,1,52,Male,Friday,1,Robbery reported near University Gate.
Robbery,Violent Crime,2026-01-15,03:11:52,Zone 6,Lakeview Colony,13.144848,80.349564,Solved,Medium,1,31,Other,Thursday,3,Robbery reported near University Gate.
Assault,Violent Crime,2025-08-19,18:17:25,Zone 4,Industrial Estate,13.112088,80.269384,Pending,Medium,0,30,Other,Tuesday,18,Assault reported near Old Town Square.
Online Fraud,Cybercrime,2026-07-10,05:24:11,Zone 1,North Bus Depot,13.066907,80.199873,Pending,High,0,52,Other,Friday,5,Online Fraud reported near Railway Station Rd.
Phishing,Cybercrime,2026-02-06,18:02:23,Zone 6,Harbor Front,13.053647,80.281688,Under Investigation,High,0,20,Female,Friday,18,Phishing reported near Central Market.
Phishing,Cybercrime,2026-06-06,18:43:21,Zone 4,Greenfield Sector 7,13.055492,80.234159,Pending,Medium,0,62,Female,Saturday,18,Phishing reported near Greenfield Sector 7.
Trespassing,Public Order,2025-11-03,21:03:30,Zone 2,Harbor Front,13.131248,80.320493,Under Investigation,Low,0,16,Male,Monday,21,Trespassing reported near Greenfield Sector 7.
Online Fraud,Cybercrime,2025-08-12,03:04:12,Zone 6,Lakeview Colony,13.094152,80.311004,Under Investigation,Medium,0,45,Other,Tuesday,3,Online Fraud reported near Greenfield Sector 7.
Phishing,Cybercrime,2025-09-29,11:04:10,Zone 6,Riverside Park,13.070918,80.333611,Pending,Low,0,24,Female,Monday,11,Phishing reported near Harbor Front.
Pickpocketing,Theft,2026-01-23,22:34:39,Zone 4,Harbor Front,13.078725,80.277851,Under Investigation,Low,0,59,Other,Friday,22,Pickpocketing reported near University Gate.
Phishing,Cybercrime,2025-09-11,15:24:21,Zone 6,Greenfield Sector 7,13.052103,80.19564,Pending,Medium,0,56,Female,Thursday,15,Phishing reported near Riverside Park.
Vehicle Theft,Theft,2026-04-26,14:22:53,Zone 2,Harbor Front,13.006463,80.246557,Solved,High,0,45,Female,Sunday,14,Vehicle Theft reported near Railway Station Rd.
Burglary,Theft,2025-12-12,12:19:19,Zone 1,Railway Station Rd,13.089861,80.312702,Solved,Medium,0,75,Female,Friday,12,Burglary reported near Central Market.
Public Intoxication,Public Order,2025-12-10,11:21:02,Zone 4,Greenfield Sector 7,13.006389,80.229782,Solved,Low,0,63,Female,Wednesday,11,Public Intoxication reported near Old Town Square.
Drug Possession,Narcotics,2025-11-20,01:56:40,Zone 5,MG Road Junction,13.093169,80.247995,Solved,Medium,0,60,Female,Thursday,1,Drug Possession reported near Greenfield Sector 7.
Homicide,Violent Crime,2026-01-18,08:10:29,Zone 4,Greenfield Sector 7,13.068864,80.223719,Under Investigation,Medium,1,34,Other,Sunday,8,Homicide reported near Greenfield Sector 7.
Hacking,Cybercrime,2026-01-19,09:27:15,Zone 5,Old Town Square,13.050466,80.243565,Under Investigation,Low,0,63,Male,Monday,9,Hacking reported near Old Town Square.
Phishing,Cybercrime,2026-02-09,02:36:59,Zone 6,Old Town Square,13.099257,80.229834,Under Investigation,Medium,0,33,Other,Monday,2,Phishing reported near Railway Station Rd.
Public Intoxication,Public Order,2025-12-19,01:48:43,Zone 3,Hilltop Avenue,13.136583,80.302637,Pending,Low,0,42,Male,Friday,1,Public Intoxication reported near Greenfield Sector 7.
Online Fraud,Cybercrime,2025-09-24,15:56:33,Zone 6,MG Road Junction,13.095922,80.340101,Solved,Low,0,73,Other,Wednesday,15,Online Fraud reported near Railway Station Rd.
Burglary,Theft,2026-05-18,16:30:20,Zone 2,Lakeview Colony,13.050917,80.32696,Pending,Low,0,39,Female,Monday,16,Burglary reported near Railway Station Rd.
Drug Possession,Narcotics,2026-06-27,00:19:17,Zone 5,North Bus Depot,13.09337,80.326421,Pending,Low,0,52,Male,Saturday,0,Drug Possession reported near MG Road Junction.
Phishing,Cybercrime,2026-05-08,04:55:29,Zone 2,Lakeview Colony,13.056031,80.253657,Pending,Low,0,28,Female,Friday,4,Phishing reported near Greenfield Sector 7.
Vandalism,Public Order,2025-10-04,23:05:59,Zone 3,North Bus Depot,13.094486,80.225644,Pending,Low,0,32,Other,Saturday,23,Vandalism reported near Industrial Estate.
Assault,Violent Crime,2026-06-09,23:35:23,Zone 4,Harbor Front,13.010389,80.223453,Solved,Critical,0,63,Male,Tuesday,23,Assault reported near MG Road Junction.
Pickpocketing,Theft,2026-02-17,08:13:41,Zone 2,University Gate,13.019945,80.238901,Solved,Medium,0,60,Other,Tuesday,8,Pickpocketing reported near Harbor Front.
Drug Possession,Narcotics,2026-06-29,20:41:20,Zone 4,MG Road Junction,13.116421,80.33425,Pending,Medium,0,25,Other,Monday,20,Drug Possession reported near Central Market.
Public Intoxication,Public Order,2026-02-20,15:12:02,Zone 6,Industrial Estate,13.051036,80.325336,Pending,Low,0,19,Male,Friday,15,Public Intoxication reported near Riverside Park.
Hacking,Cybercrime,2025-12-27,04:48:21,Zone 5,Riverside Park,13.119473,80.311323,Solved,High,0,49,Male,Saturday,4,Hacking reported near Greenfield Sector 7.
Vehicle Theft,Theft,2026-05-08,11:06:13,Zone 2,Railway Station Rd,13.035406,80.192294,Solved,Low,0,20,Other,Friday,11,Vehicle Theft reported near University Gate.
Public Intoxication,Public Order,2026-01-11,15:27:09,Zone 1,University Gate,13.126845,80.288248,Solved,Low,0,19,Male,Sunday,15,Public Intoxication reported near Old Town Square.
Phishing,Cybercrime,2026-06-06,21:47:37,Zone 6,North Bus Depot,13.091681,80.23203,Solved,Medium,0,33,Other,Saturday,21,Phishing reported near Riverside Park.
Shoplifting,Theft,2025-11-24,21:51:37,Zone 1,Riverside Park,13.13222,80.318246,Pending,High,0,26,Other,Monday,21,Shoplifting reported near Riverside Park.
Public Intoxication,Public Order,2026-06-16,21:46:26,Zone 3,Central Market,13.149307,80.232131,Pending,High,0,69,Female,Tuesday,21,Public Intoxication reported near Harbor Front.
Identity Theft,Cybercrime,2025-12-17,14:53:38,Zone 6,Harbor Front,13.152414,80.21996,Solved,Low,0,50,Male,Wednesday,14,Identity Theft reported near Hilltop Avenue.
Domestic Violence,Violent Crime,2025-08-28,14:55:59,Zone 4,University Gate,13.012954,80.215588,Pending,High,1,37,Female,Thursday,14,Domestic Violence reported near Lakeview Colony.
Drug Trafficking,Narcotics,2025-10-30,23:31:15,Zone 5,Riverside Park,13.103052,80.262919,Solved,Medium,0,21,Male,Thursday,23,Drug Trafficking reported near MG Road Junction.
Vehicle Theft,Theft,2026-03-17,23:35:26,Zone 1,Central Market,13.131875,80.30954,Under Investigation,Low,1,45,Male,Tuesday,23,Vehicle Theft reported near Railway Station Rd.
Robbery,Violent Crime,2026-01-17,19:39:39,Zone 3,Central Market,13.042991,80.247494,Under Investigation,High,1,47,Male,Saturday,19,Robbery reported near Riverside Park.
Pickpocketing,Theft,2025-12-30,08:35:29,Zone 2,Riverside Park,13.031786,80.194134,Solved,High,0,40,Other,Tuesday,8,Pickpocketing reported near Industrial Estate.
Drug Trafficking,Narcotics,2026-04-09,19:00:44,Zone 6,MG Road Junction,13.089033,80.22198,Solved,Critical,0,35,Other,Thursday,19,Drug Trafficking reported near Hilltop Avenue.
Homicide,Violent Crime,2026-07-10,17:51:10,Zone 4,Central Market,13.004352,80.250571,Pending,High,1,55,Female,Friday,17,Homicide reported near North Bus Depot.
Identity Theft,Cybercrime,2025-08-31,09:40:42,Zone 6,North Bus Depot,13.036172,80.342321,Solved,Medium,0,33,Male,Sunday,9,Identity Theft reported near Railway Station Rd.
Robbery,Violent Crime,2026-04-25,18:01:26,Zone 4,MG Road Junction,13.015589,80.254599,Pending,High,0,57,Female,Saturday,18,Robbery reported near Greenfield Sector 7.
Homicide,Violent Crime,2026-05-18,13:55:59,Zone 6,University Gate,13.125677,80.225639,Pending,Medium,0,53,Female,Monday,13,Homicide reported near North Bus Depot.
Robbery,Violent Crime,2025-08-19,08:39:46,Zone 4,Harbor Front,13.050165,80.312931,Solved,Medium,1,32,Other,Tuesday,8,Robbery reported near Hilltop Avenue.
Drug Trafficking,Narcotics,2026-05-28,02:06:14,Zone 1,North Bus Depot,13.107452,80.312345,Pending,Low,0,61,Male,Thursday,2,Drug Trafficking reported near Central Market.
Online Fraud,Cybercrime,2026-05-29,18:23:47,Zone 6,Hilltop Avenue,13.050072,80.296739,Pending,High,0,25,Female,Friday,18,Online Fraud reported near Hilltop Avenue.
Domestic Violence,Violent Crime,2026-02-14,06:37:07,Zone 4,Riverside Park,13.087634,80.232643,Under Investigation,High,1,69,Other,Saturday,6,Domestic Violence reported near MG Road Junction.
Domestic Violence,Violent Crime,2025-12-01,18:15:53,Zone 1,Lakeview Colony,13.052889,80.243067,Solved,High,1,63,Female,Monday,18,Domestic Violence reported near University Gate.
Robbery,Violent Crime,2026-02-14,09:39:09,Zone 1,Old Town Square,13.117077,80.260479,Solved,Medium,0,60,Male,Saturday,9,Robbery reported near MG Road Junction.
Public Intoxication,Public Order,2025-10-17,21:07:18,Zone 3,Central Market,13.119938,80.340726,Under Investigation,High,0,21,Female,Friday,21,Public Intoxication reported near Greenfield Sector 7.
Domestic Violence,Violent Crime,2025-09-17,19:39:17,Zone 4,University Gate,13.094759,80.274995,Solved,High,1,51,Male,Wednesday,19,Domestic Violence reported near MG Road Junction.
Public Intoxication,Public Order,2026-07-06,19:03:00,Zone 2,North Bus Depot,13.058354,80.222173,Pending,Low,0,71,Male,Monday,19,Public Intoxication reported near MG Road Junction.
Online Fraud,Cybercrime,2026-02-28,21:57:15,Zone 3,Lakeview Colony,13.090673,80.191006,Pending,Low,0,69,Other,Saturday,21,Online Fraud reported near Riverside Park.
Drug Possession,Narcotics,2026-06-15,05:44:27,Zone 6,Hilltop Avenue,13.028942,80.263882,Solved,Low,0,72,Male,Monday,5,Drug Possession reported near Hilltop Avenue.
Robbery,Violent Crime,2025-11-10,22:05:32,Zone 5,Lakeview Colony,13.056496,80.208947,Under Investigation,High,1,27,Female,Monday,22,Robbery reported near Railway Station Rd.
Shoplifting,Theft,2026-05-22,22:12:09,Zone 1,Central Market,13.108912,80.317276,Pending,Low,0,59,Other,Friday,22,Shoplifting reported near Hilltop Avenue.
Online Fraud,Cybercrime,2025-11-21,17:04:33,Zone 6,MG Road Junction,13.078999,80.30402,Under Investigation,High,0,41,Female,Friday,17,Online Fraud reported near Railway Station Rd.
Assault,Violent Crime,2025-12-11,20:52:37,Zone 4,Old Town Square,13.029428,80.292269,Under Investigation,Critical,1,31,Male,Thursday,20,Assault reported near Greenfield Sector 7.
Pickpocketing,Theft,2025-12-19,12:32:44,Zone 2,Hilltop Avenue,13.020407,80.34589,Pending,Low,1,60,Female,Friday,12,Pickpocketing reported near Industrial Estate.
Phishing,Cybercrime,2026-04-29,09:44:52,Zone 6,Greenfield Sector 7,13.066581,80.252216,Under Investigation,Low,0,69,Male,Wednesday,9,Phishing reported near Riverside Park.
Public Intoxication,Public Order,2025-09-03,18:57:10,Zone 3,Railway Station Rd,13.057649,80.226463,Pending,Low,0,63,Female,Wednesday,18,Public Intoxication reported near Riverside Park.
Pickpocketing,Theft,2026-02-28,12:48:39,Zone 5,Greenfield Sector 7,13.068621,80.285143,Solved,Critical,0,41,Female,Saturday,12,Pickpocketing reported near MG Road Junction.
Drug Trafficking,Narcotics,2026-02-08,03:22:43,Zone 5,Greenfield Sector 7,13.101549,80.282057,Pending,Low,0,67,Other,Sunday,3,Drug Trafficking reported near Old Town Square.
Burglary,Theft,2026-02-18,13:40:21,Zone 1,Old Town Square,13.035701,80.307992,Under Investigation,Medium,0,65,Other,Wednesday,13,Burglary reported near Hilltop Avenue.
Shoplifting,Theft,2026-07-10,06:40:32,Zone 1,MG Road Junction,13.131693,80.330834,Under Investigation,Low,0,26,Female,Friday,6,Shoplifting reported near Riverside Park.
Domestic Violence,Violent Crime,2026-02-17,19:03:01,Zone 4,North Bus Depot,13.137079,80.219363,Pending,High,0,16,Other,Tuesday,19,Domestic Violence reported near Hilltop Avenue.
Shoplifting,Theft,2025-11-10,15:34:35,Zone 5,Central Market,13.040614,80.285901,Pending,Medium,0,51,Female,Monday,15,Shoplifting reported near Lakeview Colony.
Pickpocketing,Theft,2026-01-08,02:13:02,Zone 2,Greenfield Sector 7,13.111445,80.305933,Pending,Medium,0,38,Other,Thursday,2,Pickpocketing reported near North Bus Depot.
Hacking,Cybercrime,2026-02-17,13:49:36,Zone 1,Old Town Square,13.033353,80.260824,Under Investigation,Medium,0,43,Female,Tuesday,13,Hacking reported near Greenfield Sector 7.
Pickpocketing,Theft,2026-07-06,05:30:10,Zone 1,Lakeview Colony,13.069011,80.293538,Pending,Low,0,39,Other,Monday,5,Pickpocketing reported near Central Market.
Shoplifting,Theft,2026-02-11,06:38:02,Zone 1,Lakeview Colony,13.065643,80.234581,Under Investigation,Low,0,68,Female,Wednesday,6,Shoplifting reported near Riverside Park.
Vandalism,Public Order,2026-05-13,12:22:39,Zone 3,Riverside Park,13.098277,80.330259,Pending,Low,1,70,Male,Wednesday,12,Vandalism reported near Central Market.
Drug Possession,Narcotics,2026-03-27,17:18:28,Zone 5,Old Town Square,13.129601,80.232079,Solved,Low,1,59,Female,Friday,17,Drug Possession reported near Industrial Estate.
Drug Trafficking,Narcotics,2026-01-30,01:52:52,Zone 5,Old Town Square,13.039782,80.226736,Under Investigation,Low,0,37,Other,Friday,1,Drug Trafficking reported near Industrial Estate.
Vehicle Theft,Theft,2026-07-15,11:42:11,Zone 2,Harbor Front,13.154141,80.339583,Pending,Low,0,25,Other,Wednesday,11,Vehicle Theft reported near Railway Station Rd.
Homicide,Violent Crime,2025-10-14,18:15:39,Zone 4,Greenfield Sector 7,13.058141,80.242058,Solved,High,1,58,Female,Tuesday,18,Homicide reported near Riverside Park.
Homicide,Violent Crime,2026-05-25,06:32:20,Zone 6,Hilltop Avenue,13.080981,80.289092,Under Investigation,High,0,70,Other,Monday,6,Homicide reported near MG Road Junction.
Vandalism,Public Order,2026-03-05,15:17:30,Zone 3,Hilltop Avenue,13.039551,80.249279,Solved,Low,0,62,Other,Thursday,15,Vandalism reported near University Gate.
Public Intoxication,Public Order,2026-05-16,18:44:51,Zone 3,MG Road Junction,13.159497,80.264214,Pending,Low,0,37,Male,Saturday,18,Public Intoxication reported near Railway Station Rd.
Drug Possession,Narcotics,2026-04-08,10:26:05,Zone 5,Greenfield Sector 7,13.142516,80.201684,Pending,Low,0,27,Female,Wednesday,10,Drug Possession reported near MG Road Junction.
Drug Possession,Narcotics,2025-10-04,04:11:30,Zone 5,Harbor Front,13.089629,80.222108,Solved,Low,0,20,Female,Saturday,4,Drug Possession reported near Riverside Park.
Shoplifting,Theft,2025-12-18,17:13:59,Zone 1,Hilltop Avenue,13.05509,80.226928,Solved,High,0,52,Male,Thursday,17,Shoplifting reported near Industrial Estate.
Homicide,Violent Crime,2026-02-23,17:47:30,Zone 4,Central Market,13.073531,80.251324,Pending,Medium,1,35,Male,Monday,17,Homicide reported near North Bus Depot.
Homicide,Violent Crime,2026-01-04,21:16:57,Zone 4,Central Market,13.057333,80.288235,Pending,High,1,19,Other,Sunday,21,Homicide reported near Greenfield Sector 7.
Drug Possession,Narcotics,2025-09-24,10:14:53,Zone 5,Lakeview Colony,13.15168,80.304119,Pending,Low,0,58,Other,Wednesday,10,Drug Possession reported near Old Town Square.
Public Intoxication,Public Order,2025-12-29,20:32:49,Zone 3,Railway Station Rd,13.085372,80.289781,Pending,High,0,53,Female,Monday,20,Public Intoxication reported near Railway Station Rd.
Hacking,Cybercrime,2026-01-28,17:22:48,Zone 2,MG Road Junction,13.085884,80.341972,Under Investigation,Medium,0,27,Male,Wednesday,17,Hacking reported near Central Market.
Trespassing,Public Order,2025-10-13,19:42:54,Zone 4,Greenfield Sector 7,13.103692,80.202537,Solved,Low,0,74,Female,Monday,19,Trespassing reported near Central Market.
Homicide,Violent Crime,2025-09-21,13:16:59,Zone 4,Riverside Park,13.055297,80.206521,Solved,Medium,1,49,Female,Sunday,13,Homicide reported near Hilltop Avenue.
Burglary,Theft,2025-08-24,07:32:21,Zone 1,Railway Station Rd,13.123018,80.326527,Solved,Low,0,69,Other,Sunday,7,Burglary reported near Central Market.
Phishing,Cybercrime,2026-07-04,15:55:53,Zone 3,Railway Station Rd,13.117922,80.291544,Solved,Low,0,52,Male,Saturday,15,Phishing reported near Industrial Estate.
Public Intoxication,Public Order,2025-12-11,09:52:50,Zone 3,MG Road Junction,13.062487,80.291181,Pending,Medium,0,64,Other,Thursday,9,Public Intoxication reported near Railway Station Rd.
Identity Theft,Cybercrime,2026-04-08,16:01:47,Zone 6,MG Road Junction,13.121806,80.210198,Pending,Low,0,31,Other,Wednesday,16,Identity Theft reported near Riverside Park.
Online Fraud,Cybercrime,2025-08-19,08:15:46,Zone 5,Hilltop Avenue,13.070955,80.282535,Solved,Medium,0,67,Male,Tuesday,8,Online Fraud reported near Hilltop Avenue.
Identity Theft,Cybercrime,2026-01-30,21:19:13,Zone 6,University Gate,13.117041,80.223753,Solved,Low,0,66,Other,Friday,21,Identity Theft reported near Railway Station Rd.
Pickpocketing,Theft,2026-05-05,03:44:22,Zone 2,Greenfield Sector 7,13.084245,80.286633,Solved,Medium,0,19,Other,Tuesday,3,Pickpocketing reported near MG Road Junction.
Identity Theft,Cybercrime,2025-12-08,08:18:28,Zone 6,Lakeview Colony,13.109205,80.204452,Solved,Low,0,31,Other,Monday,8,Identity Theft reported near Railway Station Rd.
Drug Trafficking,Narcotics,2026-05-18,05:15:25,Zone 5,Railway Station Rd,13.155743,80.288851,Under Investigation,Medium,0,47,Male,Monday,5,Drug Trafficking reported near Railway Station Rd.
Drug Trafficking,Narcotics,2025-08-17,05:21:58,Zone 1,University Gate,13.0426,80.219034,Solved,Low,0,59,Female,Sunday,5,Drug Trafficking reported near Central Market.
Drug Trafficking,Narcotics,2026-01-31,22:21:34,Zone 1,Industrial Estate,13.142251,80.29227,Solved,Low,0,23,Male,Saturday,22,Drug Trafficking reported near North Bus Depot.
Burglary,Theft,2025-11-07,00:09:31,Zone 6,Harbor Front,13.069852,80.258255,Solved,High,0,32,Other,Friday,0,Burglary reported near Old Town Square.
Robbery,Violent Crime,2025-09-15,21:59:01,Zone 4,Harbor Front,13.094755,80.282721,Solved,Low,1,71,Other,Monday,21,Robbery reported near Harbor Front.
Drug Possession,Narcotics,2026-04-18,11:54:17,Zone 6,Industrial Estate,13.152858,80.272164,Pending,Medium,1,23,Other,Saturday,11,Drug Possession reported near North Bus Depot.
Public Intoxication,Public Order,2026-05-07,06:17:56,Zone 3,Central Market,13.034147,80.293389,Pending,Low,0,66,Male,Thursday,6,Public Intoxication reported near Lakeview Colony.
Burglary,Theft,2026-02-10,14:48:33,Zone 3,Industrial Estate,13.146883,80.271861,Pending,Low,0,48,Male,Tuesday,14,Burglary reported near University Gate.
Shoplifting,Theft,2025-11-14,00:16:06,Zone 2,Industrial Estate,13.039908,80.192049,Under Investigation,Low,1,28,Other,Friday,0,Shoplifting reported near Harbor Front.
Robbery,Violent Crime,2025-12-26,14:50:10,Zone 4,North Bus Depot,13.157882,80.338513,Under Investigation,Low,1,73,Male,Friday,14,Robbery reported near Greenfield Sector 7.
Hacking,Cybercrime,2025-11-22,00:48:17,Zone 1,University Gate,13.013306,80.199756,Pending,Medium,0,33,Male,Saturday,0,Hacking reported near Greenfield Sector 7.
Shoplifting,Theft,2026-03-15,15:03:39,Zone 2,Old Town Square,13.079935,80.28928,Solved,Low,0,50,Female,Sunday,15,Shoplifting reported near MG Road Junction.
Drug Trafficking,Narcotics,2026-04-29,23:55:59,Zone 5,Old Town Square,13.094594,80.22345,Pending,Low,0,66,Male,Wednesday,23,Drug Trafficking reported near Riverside Park.
Trespassing,Public Order,2025-08-20,08:06:06,Zone 3,Central Market,13.088071,80.290197,Pending,Low,0,60,Female,Wednesday,8,Trespassing reported near North Bus Depot.
Burglary,Theft,2025-10-09,12:41:10,Zone 1,North Bus Depot,13.011674,80.339495,Solved,Medium,0,41,Female,Thursday,12,Burglary reported near University Gate.
Shoplifting,Theft,2026-04-06,22:37:01,Zone 2,North Bus Depot,13.004296,80.265075,Solved,Medium,0,24,Female,Monday,22,Shoplifting reported near Greenfield Sector 7.
Pickpocketing,Theft,2026-03-27,12:12:48,Zone 1,Lakeview Colony,13.127291,80.295396,Solved,Low,0,52,Male,Friday,12,Pickpocketing reported near University Gate.
Drug Possession,Narcotics,2025-08-14,08:11:07,Zone 5,University Gate,13.006692,80.32248,Pending,Low,1,42,Male,Thursday,8,Drug Possession reported near Railway Station Rd.
Drug Possession,Narcotics,2025-11-16,06:19:15,Zone 1,Riverside Park,13.06783,80.34802,Solved,Low,0,27,Female,Sunday,6,Drug Possession reported near Riverside Park.
Burglary,Theft,2026-01-22,07:37:17,Zone 1,Greenfield Sector 7,13.123553,80.213407,Pending,Medium,1,33,Female,Thursday,7,Burglary reported near University Gate.
Vandalism,Public Order,2026-01-04,01:43:11,Zone 4,Lakeview Colony,13.070007,80.290782,Solved,Low,0,21,Other,Sunday,1,Vandalism reported near Railway Station Rd.
Drug Possession,Narcotics,2025-08-04,03:22:52,Zone 5,Central Market,13.113427,80.284195,Solved,Low,0,52,Other,Monday,3,Drug Possession reported near Central Market.
Drug Possession,Narcotics,2026-04-19,11:25:48,Zone 3,Hilltop Avenue,13.115199,80.307901,Solved,High,1,43,Other,Sunday,11,Drug Possession reported near Harbor Front.
Domestic Violence,Violent Crime,2026-01-03,22:32:33,Zone 4,Harbor Front,13.045777,80.26369,Solved,Low,1,51,Male,Saturday,22,Domestic Violence reported near Greenfield Sector 7.
Public Intoxication,Public Order,2025-09-01,07:27:19,Zone 1,North Bus Depot,13.009678,80.255286,Under Investigation,Medium,0,41,Other,Monday,7,Public Intoxication reported near University Gate.
Online Fraud,Cybercrime,2026-01-31,06:17:32,Zone 6,Central Market,13.072627,80.262548,Pending,Critical,0,30,Other,Saturday,6,Online Fraud reported near Hilltop Avenue.
Domestic Violence,Violent Crime,2026-04-12,20:00:10,Zone 4,Riverside Park,13.013247,80.21734,Under Investigation,High,1,71,Male,Sunday,20,Domestic Violence reported near Industrial Estate.
Vandalism,Public Order,2026-03-27,03:01:35,Zone 3,North Bus Depot,13.08574,80.230487,Solved,Low,0,53,Male,Friday,3,Vandalism reported near Greenfield Sector 7.
Vehicle Theft,Theft,2026-05-15,05:51:00,Zone 1,Harbor Front,13.006403,80.343491,Pending,High,0,25,Male,Friday,5,Vehicle Theft reported near Riverside Park.
Hacking,Cybercrime,2025-09-21,22:36:46,Zone 6,University Gate,13.076273,80.305318,Solved,Low,0,37,Female,Sunday,22,Hacking reported near Hilltop Avenue.
Drug Trafficking,Narcotics,2025-11-13,05:02:03,Zone 1,North Bus Depot,13.006389,80.286176,Solved,High,0,31,Female,Thursday,5,Drug Trafficking reported near Central Market.
Domestic Violence,Violent Crime,2026-06-04,18:05:20,Zone 1,Riverside Park,13.017495,80.287361,Solved,High,1,64,Other,Thursday,18,Domestic Violence reported near Old Town Square.
Homicide,Violent Crime,2025-08-10,04:13:20,Zone 2,Greenfield Sector 7,13.124722,80.235137,Solved,High,1,54,Other,Sunday,4,Homicide reported near Old Town Square.
Hacking,Cybercrime,2025-12-06,03:03:06,Zone 3,Riverside Park,13.01207,80.212772,Pending,High,0,61,Other,Saturday,3,Hacking reported near Central Market.
Online Fraud,Cybercrime,2025-08-16,12:38:59,Zone 6,Riverside Park,13.125429,80.345603,Under Investigation,Low,0,18,Other,Saturday,12,Online Fraud reported near Industrial Estate.
Public Intoxication,Public Order,2025-07-28,22:29:14,Zone 5,North Bus Depot,13.129047,80.248062,Solved,Critical,0,38,Female,Monday,22,Public Intoxication reported near MG Road Junction.
Burglary,Theft,2025-09-02,23:35:08,Zone 1,Harbor Front,13.090966,80.243822,Under Investigation,Medium,0,27,Other,Tuesday,23,Burglary reported near Industrial Estate.
Hacking,Cybercrime,2026-05-19,01:38:11,Zone 3,Riverside Park,13.03775,80.23302,Solved,Medium,0,51,Male,Tuesday,1,Hacking reported near Hilltop Avenue.
Vehicle Theft,Theft,2026-06-01,07:57:08,Zone 2,MG Road Junction,13.093548,80.349133,Solved,Medium,0,57,Female,Monday,7,Vehicle Theft reported near Hilltop Avenue.
Hacking,Cybercrime,2025-12-08,18:14:52,Zone 6,Lakeview Colony,13.126205,80.307582,Solved,Critical,0,62,Male,Monday,18,Hacking reported near Old Town Square.
Online Fraud,Cybercrime,2025-12-02,23:54:40,Zone 6,Industrial Estate,13.050675,80.322735,Pending,Low,0,31,Male,Tuesday,23,Online Fraud reported near Industrial Estate.
Homicide,Violent Crime,2025-11-07,12:22:35,Zone 4,Industrial Estate,13.156476,80.203992,Solved,Critical,1,64,Male,Friday,12,Homicide reported near University Gate.
Hacking,Cybercrime,2025-08-08,09:00:32,Zone 6,University Gate,13.065418,80.257629,Under Investigation,High,0,66,Female,Friday,9,Hacking reported near Riverside Park.
Vehicle Theft,Theft,2025-08-31,19:26:54,Zone 2,Railway Station Rd,13.090024,80.272402,Solved,High,0,69,Male,Sunday,19,Vehicle Theft reported near Harbor Front.
Homicide,Violent Crime,2026-07-09,15:59:06,Zone 2,Riverside Park,13.131704,80.239229,Under Investigation,High,1,31,Female,Thursday,15,Homicide reported near Old Town Square.
Shoplifting,Theft,2025-12-13,13:07:09,Zone 2,Industrial Estate,13.016601,80.317201,Pending,Low,0,26,Female,Saturday,13,Shoplifting reported near Old Town Square.
Pickpocketing,Theft,2025-08-13,17:41:52,Zone 5,Hilltop Avenue,13.016771,80.210496,Pending,Medium,0,51,Male,Wednesday,17,Pickpocketing reported near Hilltop Avenue.
Vehicle Theft,Theft,2025-08-07,08:14:21,Zone 2,University Gate,13.111047,80.316933,Under Investigation,Medium,1,20,Other,Thursday,8,Vehicle Theft reported near Hilltop Avenue.
Trespassing,Public Order,2026-07-04,14:55:49,Zone 3,Riverside Park,13.005626,80.326179,Solved,High,1,68,Female,Saturday,14,Trespassing reported near Old Town Square.
Phishing,Cybercrime,2026-04-12,20:07:45,Zone 2,MG Road Junction,13.066932,80.240453,Pending,Medium,0,68,Male,Sunday,20,Phishing reported near Railway Station Rd.
Pickpocketing,Theft,2026-06-19,07:03:44,Zone 2,MG Road Junction,13.034963,80.285848,Pending,Medium,0,21,Male,Friday,7,Pickpocketing reported near Old Town Square.
Homicide,Violent Crime,2025-11-15,11:48:44,Zone 1,MG Road Junction,13.082121,80.206524,Pending,Critical,1,65,Other,Saturday,11,Homicide reported near Central Market.
Homicide,Violent Crime,2025-07-30,23:03:46,Zone 6,Hilltop Avenue,13.083872,80.206464,Pending,High,1,37,Female,Wednesday,23,Homicide reported near MG Road Junction.
Online Fraud,Cybercrime,2025-12-03,05:33:10,Zone 6,Harbor Front,13.115687,80.194321,Pending,High,0,71,Female,Wednesday,5,Online Fraud reported near Hilltop Avenue.
Online Fraud,Cybercrime,2025-11-18,18:45:14,Zone 6,University Gate,13.077572,80.341979,Solved,Low,0,48,Male,Tuesday,18,Online Fraud reported near Greenfield Sector 7.
Robbery,Violent Crime,2026-04-03,22:37:40,Zone 4,Industrial Estate,13.160755,80.23091,Solved,High,0,69,Male,Friday,22,Robbery reported near MG Road Junction.
Drug Possession,Narcotics,2026-07-13,20:35:00,Zone 4,Hilltop Avenue,13.110498,80.305311,Under Investigation,Low,0,18,Male,Monday,20,Drug Possession reported near Riverside Park.
Identity Theft,Cybercrime,2026-04-08,05:25:11,Zone 6,Lakeview Colony,13.028663,80.322578,Solved,Low,0,54,Other,Wednesday,5,Identity Theft reported near Lakeview Colony.
Drug Trafficking,Narcotics,2026-03-05,18:01:24,Zone 5,North Bus Depot,13.130836,80.299858,Pending,Low,0,52,Female,Thursday,18,Drug Trafficking reported near University Gate.
Assault,Violent Crime,2026-02-02,20:53:26,Zone 6,North Bus Depot,13.145844,80.322452,Under Investigation,High,0,28,Female,Monday,20,Assault reported near MG Road Junction.
Identity Theft,Cybercrime,2026-04-27,20:44:47,Zone 6,Old Town Square,13.113874,80.2899,Pending,High,0,50,Female,Monday,20,Identity Theft reported near Hilltop Avenue.
Vehicle Theft,Theft,2026-02-12,16:38:51,Zone 1,Industrial Estate,13.132218,80.320948,Solved,Low,0,74,Male,Thursday,16,Vehicle Theft reported near Lakeview Colony.
Drug Trafficking,Narcotics,2025-07-24,05:50:15,Zone 4,Central Market,13.039674,80.329538,Solved,Medium,0,21,Male,Thursday,5,Drug Trafficking reported near Industrial Estate.
Hacking,Cybercrime,2025-12-13,18:09:31,Zone 1,Central Market,13.08359,80.320042,Under Investigation,High,0,36,Female,Saturday,18,Hacking reported near North Bus Depot.
Drug Possession,Narcotics,2026-05-06,20:57:28,Zone 5,Greenfield Sector 7,13.147917,80.243423,Solved,Low,0,47,Other,Wednesday,20,Drug Possession reported near Central Market.
Vandalism,Public Order,2026-01-04,02:42:51,Zone 3,Old Town Square,13.098469,80.216424,Solved,Medium,0,43,Other,Sunday,2,Vandalism reported near Industrial Estate.
Public Intoxication,Public Order,2025-11-19,02:04:28,Zone 3,Lakeview Colony,13.018979,80.264411,Solved,Low,0,67,Female,Wednesday,2,Public Intoxication reported near Harbor Front.
Robbery,Violent Crime,2025-11-12,10:31:20,Zone 4,Central Market,13.051803,80.227223,Solved,Low,0,69,Female,Wednesday,10,Robbery reported near Hilltop Avenue.
Domestic Violence,Violent Crime,2026-06-21,18:21:16,Zone 3,Riverside Park,13.125992,80.253808,Under Investigation,High,1,51,Other,Sunday,18,Domestic Violence reported near Old Town Square.
Pickpocketing,Theft,2026-03-10,00:41:57,Zone 1,North Bus Depot,13.06306,80.2238,Under Investigation,Medium,0,37,Male,Tuesday,0,Pickpocketing reported near University Gate.
Public Intoxication,Public Order,2025-12-15,13:08:13,Zone 5,Harbor Front,13.145599,80.259698,Solved,Medium,0,60,Male,Monday,13,Public Intoxication reported near Old Town Square.
Drug Trafficking,Narcotics,2025-09-17,02:44:21,Zone 5,Hilltop Avenue,13.127528,80.315087,Solved,Low,0,69,Other,Wednesday,2,Drug Trafficking reported near Riverside Park.
Domestic Violence,Violent Crime,2026-06-03,19:28:27,Zone 4,Lakeview Colony,13.154947,80.314942,Pending,Medium,1,44,Male,Wednesday,19,Domestic Violence reported near University Gate.
Domestic Violence,Violent Crime,2025-11-02,14:10:27,Zone 4,Old Town Square,13.138786,80.284571,Pending,Critical,0,25,Male,Sunday,14,Domestic Violence reported near Railway Station Rd.
Domestic Violence,Violent Crime,2026-04-02,03:11:11,Zone 2,Industrial Estate,13.153691,80.214256,Under Investigation,Medium,1,57,Female,Thursday,3,Domestic Violence reported near Lakeview Colony.
Drug Trafficking,Narcotics,2026-05-22,02:49:18,Zone 5,Lakeview Colony,13.027918,80.331987,Under Investigation,Low,0,52,Other,Friday,2,Drug Trafficking reported near North Bus Depot.
Vehicle Theft,Theft,2025-12-10,00:37:54,Zone 1,Greenfield Sector 7,13.131735,80.220649,Under Investigation,High,0,66,Other,Wednesday,0,Vehicle Theft reported near MG Road Junction.
Online Fraud,Cybercrime,2025-08-02,06:53:04,Zone 1,MG Road Junction,13.012388,80.278119,Pending,High,0,74,Male,Saturday,6,Online Fraud reported near Central Market.
Vandalism,Public Order,2026-01-22,23:18:37,Zone 4,Lakeview Colony,13.034426,80.22026,Under Investigation,High,0,52,Male,Thursday,23,Vandalism reported near Central Market.
Homicide,Violent Crime,2025-11-30,23:58:35,Zone 4,Industrial Estate,13.003553,80.226267,Pending,High,1,32,Male,Sunday,23,Homicide reported near Riverside Park.
Drug Trafficking,Narcotics,2026-05-21,02:38:14,Zone 3,Central Market,13.023055,80.302814,Pending,Critical,0,26,Other,Thursday,2,Drug Trafficking reported near Central Market.
Assault,Violent Crime,2026-02-13,21:03:08,Zone 4,Railway Station Rd,13.135571,80.305664,Under Investigation,High,1,71,Male,Friday,21,Assault reported near Hilltop Avenue.
Online Fraud,Cybercrime,2025-09-17,06:47:40,Zone 6,Hilltop Avenue,13.096521,80.194443,Pending,Medium,0,43,Female,Wednesday,6,Online Fraud reported near MG Road Junction.
Hacking,Cybercrime,2026-07-05,01:00:42,Zone 4,Greenfield Sector 7,13.117079,80.207225,Under Investigation,Critical,0,18,Male,Sunday,1,Hacking reported near Riverside Park.
Online Fraud,Cybercrime,2025-09-02,06:34:36,Zone 1,North Bus Depot,13.148919,80.284265,Solved,Low,0,31,Male,Tuesday,6,Online Fraud reported near Riverside Park.
Homicide,Violent Crime,2026-06-12,08:23:57,Zone 1,University Gate,13.107016,80.243722,Pending,Critical,0,30,Female,Friday,8,Homicide reported near Old Town Square.
Burglary,Theft,2025-12-20,12:35:51,Zone 3,North Bus Depot,13.092342,80.301923,Pending,Low,0,72,Male,Saturday,12,Burglary reported near Old Town Square.
Burglary,Theft,2025-09-15,06:51:34,Zone 2,Riverside Park,13.006964,80.280993,Solved,Medium,1,69,Female,Monday,6,Burglary reported near Old Town Square.
Vehicle Theft,Theft,2025-11-30,16:25:20,Zone 1,North Bus Depot,13.147928,80.288577,Solved,Medium,1,47,Female,Sunday,16,Vehicle Theft reported near North Bus Depot.
Shoplifting,Theft,2025-09-17,08:04:58,Zone 1,North Bus Depot,13.005082,80.21986,Solved,Medium,0,73,Female,Wednesday,8,Shoplifting reported near Industrial Estate.
Burglary,Theft,2026-04-14,12:44:14,Zone 5,Old Town Square,13.01868,80.25028,Solved,Medium,0,46,Female,Tuesday,12,Burglary reported near Riverside Park.
Public Intoxication,Public Order,2026-01-01,22:09:44,Zone 6,MG Road Junction,13.006765,80.29003,Solved,Low,0,52,Other,Thursday,22,Public Intoxication reported near Riverside Park.
Drug Trafficking,Narcotics,2026-02-05,03:12:10,Zone 6,Industrial Estate,13.115524,80.200747,Solved,Medium,1,22,Female,Thursday,3,Drug Trafficking reported near North Bus Depot.
Vehicle Theft,Theft,2026-02-13,15:03:33,Zone 6,Greenfield Sector 7,13.138916,80.268318,Solved,Medium,0,24,Female,Friday,15,Vehicle Theft reported near University Gate.
Online Fraud,Cybercrime,2026-04-29,12:15:45,Zone 6,Hilltop Avenue,13.133682,80.291225,Pending,Medium,0,66,Male,Wednesday,12,Online Fraud reported near Greenfield Sector 7.
Shoplifting,Theft,2025-10-11,12:27:31,Zone 2,Riverside Park,13.104148,80.323422,Solved,Low,0,53,Other,Saturday,12,Shoplifting reported near Hilltop Avenue.
Homicide,Violent Crime,2025-09-03,08:29:45,Zone 4,Harbor Front,13.089564,80.237074,Pending,High,0,48,Female,Wednesday,8,Homicide reported near University Gate.
Drug Possession,Narcotics,2026-02-01,19:30:08,Zone 5,Harbor Front,13.067425,80.218204,Pending,Medium,0,53,Male,Sunday,19,Drug Possession reported near Industrial Estate.
Identity Theft,Cybercrime,2026-06-04,09:35:10,Zone 3,Riverside Park,13.030318,80.329832,Solved,Low,0,38,Other,Thursday,9,Identity Theft reported near Harbor Front.
Identity Theft,Cybercrime,2025-11-30,13:12:37,Zone 6,Riverside Park,13.124377,80.33163,Solved,Medium,0,66,Male,Sunday,13,Identity Theft reported near North Bus Depot.
Trespassing,Public Order,2025-09-26,18:50:00,Zone 3,Riverside Park,13.099578,80.29552,Solved,Low,0,42,Female,Friday,18,Trespassing reported near MG Road Junction.
Phishing,Cybercrime,2025-09-21,10:11:04,Zone 3,Greenfield Sector 7,13.079054,80.236306,Pending,Low,0,20,Male,Sunday,10,Phishing reported near University Gate.
Homicide,Violent Crime,2026-04-04,19:08:10,Zone 1,MG Road Junction,13.050361,80.264889,Solved,Low,1,60,Male,Saturday,19,Homicide reported near Lakeview Colony.
Domestic Violence,Violent Crime,2025-11-09,02:25:17,Zone 1,Lakeview Colony,13.066737,80.338455,Solved,High,1,71,Male,Sunday,2,Domestic Violence reported near Lakeview Colony.
Trespassing,Public Order,2025-07-15,00:36:20,Zone 3,Harbor Front,13.039223,80.218454,Under Investigation,Low,0,25,Male,Tuesday,0,Trespassing reported near Harbor Front.
Burglary,Theft,2025-12-18,00:59:50,Zone 1,North Bus Depot,13.101455,80.235998,Solved,Low,0,61,Male,Thursday,0,Burglary reported near Lakeview Colony.
Public Intoxication,Public Order,2026-05-18,15:29:30,Zone 3,MG Road Junction,13.108059,80.252838,Under Investigation,Low,1,43,Other,Monday,15,Public Intoxication reported near North Bus Depot.
Assault,Violent Crime,2026-02-23,21:30:20,Zone 3,Railway Station Rd,13.140036,80.206714,Solved,High,0,55,Other,Monday,21,Assault reported near Greenfield Sector 7.
Burglary,Theft,2026-06-25,09:14:28,Zone 2,Industrial Estate,13.051924,80.314139,Solved,Low,0,43,Female,Thursday,9,Burglary reported near North Bus Depot.
Drug Trafficking,Narcotics,2025-11-28,19:00:10,Zone 5,Riverside Park,13.06013,80.237648,Solved,Medium,0,42,Other,Friday,19,Drug Trafficking reported near Greenfield Sector 7.
Pickpocketing,Theft,2026-04-19,13:46:45,Zone 1,Hilltop Avenue,13.045295,80.295154,Solved,Critical,0,71,Female,Sunday,13,Pickpocketing reported near Harbor Front.
Public Intoxication,Public Order,2026-04-18,14:17:15,Zone 3,North Bus Depot,13.054106,80.285095,Pending,Low,0,46,Other,Saturday,14,Public Intoxication reported near Central Market.
Shoplifting,Theft,2025-11-07,14:47:06,Zone 3,Railway Station Rd,13.049676,80.263598,Solved,Critical,0,19,Female,Friday,14,Shoplifting reported near University Gate.
Domestic Violence,Violent Crime,2025-08-16,22:16:57,Zone 4,Hilltop Avenue,13.068955,80.265477,Solved,High,1,75,Male,Saturday,22,Domestic Violence reported near Industrial Estate.
Phishing,Cybercrime,2025-10-23,19:47:38,Zone 6,University Gate,13.094101,80.340841,Pending,Low,0,26,Other,Thursday,19,Phishing reported near Central Market.
Identity Theft,Cybercrime,2026-06-25,15:53:35,Zone 1,Lakeview Colony,13.064309,80.237109,Solved,Low,0,18,Female,Thursday,15,Identity Theft reported near MG Road Junction.
Public Intoxication,Public Order,2025-12-10,16:13:01,Zone 2,University Gate,13.066117,80.293838,Solved,Medium,0,66,Male,Wednesday,16,Public Intoxication reported near Hilltop Avenue.
Burglary,Theft,2025-12-12,19:30:58,Zone 2,Hilltop Avenue,13.094642,80.235693,Pending,Low,0,57,Other,Friday,19,Burglary reported near Lakeview Colony.
Public Intoxication,Public Order,2025-08-03,21:02:24,Zone 3,University Gate,13.078017,80.223539,Under Investigation,Low,0,48,Other,Sunday,21,Public Intoxication reported near Greenfield Sector 7.
Vandalism,Public Order,2026-02-04,12:01:54,Zone 5,MG Road Junction,13.110019,80.239129,Pending,Low,0,32,Other,Wednesday,12,Vandalism reported near Hilltop Avenue.
Pickpocketing,Theft,2025-07-31,01:25:13,Zone 4,Harbor Front,13.032591,80.200491,Pending,Low,0,73,Male,Thursday,1,Pickpocketing reported near Railway Station Rd.
Drug Possession,Narcotics,2025-10-28,01:36:52,Zone 2,North Bus Depot,13.088541,80.216258,Pending,Low,0,65,Male,Tuesday,1,Drug Possession reported near Railway Station Rd.
Vehicle Theft,Theft,2025-10-15,17:19:39,Zone 1,Greenfield Sector 7,13.044686,80.255536,Pending,Low,0,50,Other,Wednesday,17,Vehicle Theft reported near Harbor Front.
Burglary,Theft,2026-01-29,15:40:38,Zone 2,Railway Station Rd,13.113473,80.208773,Under Investigation,Low,0,17,Female,Thursday,15,Burglary reported near Greenfield Sector 7.
Shoplifting,Theft,2025-10-13,07:23:16,Zone 2,Hilltop Avenue,13.162097,80.27558,Pending,Critical,0,63,Female,Monday,7,Shoplifting reported near Harbor Front.
Assault,Violent Crime,2025-11-19,06:30:32,Zone 2,North Bus Depot,13.140305,80.191593,Solved,High,1,59,Male,Wednesday,6,Assault reported near Industrial Estate.
Phishing,Cybercrime,2026-05-24,15:16:56,Zone 6,Harbor Front,13.126284,80.338061,Under Investigation,Medium,0,48,Male,Sunday,15,Phishing reported near Industrial Estate.
Pickpocketing,Theft,2026-06-23,12:59:38,Zone 1,MG Road Junction,13.159072,80.256663,Solved,Low,0,48,Other,Tuesday,12,Pickpocketing reported near Hilltop Avenue.
Vehicle Theft,Theft,2025-11-26,11:33:10,Zone 1,Old Town Square,13.098802,80.257039,Solved,Low,1,69,Other,Wednesday,11,Vehicle Theft reported near Industrial Estate.
Pickpocketing,Theft,2026-05-01,13:37:21,Zone 1,Lakeview Colony,13.154926,80.220116,Solved,Medium,0,50,Male,Friday,13,Pickpocketing reported near Lakeview Colony.
Drug Trafficking,Narcotics,2026-05-21,20:25:25,Zone 5,Central Market,13.023889,80.279895,Solved,Medium,0,45,Male,Thursday,20,Drug Trafficking reported near Harbor Front.
Vandalism,Public Order,2025-08-06,11:13:20,Zone 2,Hilltop Avenue,13.131191,80.251738,Solved,Medium,0,59,Female,Wednesday,11,Vandalism reported near MG Road Junction.
Shoplifting,Theft,2025-08-11,06:10:42,Zone 1,Riverside Park,13.143005,80.225092,Under Investigation,Medium,0,30,Female,Monday,6,Shoplifting reported near Industrial Estate.
Shoplifting,Theft,2025-09-27,11:52:59,Zone 2,Old Town Square,13.115375,80.230688,Solved,Low,0,31,Female,Saturday,11,Shoplifting reported near Industrial Estate.
Phishing,Cybercrime,2026-01-16,05:48:27,Zone 2,Industrial Estate,13.043635,80.311324,Under Investigation,Medium,0,65,Female,Friday,5,Phishing reported near Harbor Front.
Trespassing,Public Order,2026-02-26,17:07:22,Zone 1,University Gate,13.142585,80.281893,Solved,Critical,0,41,Female,Thursday,17,Trespassing reported near Riverside Park.
Domestic Violence,Violent Crime,2026-06-26,15:29:38,Zone 2,Greenfield Sector 7,13.126774,80.345925,Solved,High,1,35,Other,Friday,15,Domestic Violence reported near Railway Station Rd.
Assault,Violent Crime,2026-03-07,19:24:11,Zone 6,Central Market,13.029226,80.256417,Solved,High,0,45,Other,Saturday,19,Assault reported near Greenfield Sector 7.
Homicide,Violent Crime,2026-01-03,23:58:56,Zone 4,University Gate,13.154377,80.295869,Pending,Medium,1,51,Male,Saturday,23,Homicide reported near North Bus Depot.
Public Intoxication,Public Order,2025-10-04,15:31:28,Zone 3,Old Town Square,13.100446,80.250247,Solved,Medium,0,49,Male,Saturday,15,Public Intoxication reported near MG Road Junction.
Online Fraud,Cybercrime,2026-05-28,04:33:47,Zone 5,Lakeview Colony,13.033036,80.31301,Under Investigation,Low,0,16,Male,Thursday,4,Online Fraud reported near MG Road Junction.
Vehicle Theft,Theft,2025-08-15,15:59:25,Zone 1,University Gate,13.026187,80.28941,Pending,Medium,0,57,Other,Friday,15,Vehicle Theft reported near North Bus Depot.
Drug Possession,Narcotics,2026-03-26,01:13:33,Zone 1,Riverside Park,13.132544,80.270013,Pending,Low,0,18,Other,Thursday,1,Drug Possession reported near Greenfield Sector 7.
Drug Trafficking,Narcotics,2025-08-06,03:47:50,Zone 5,University Gate,13.109441,80.302267,Pending,Low,0,57,Male,Wednesday,3,Drug Trafficking reported near MG Road Junction.
Drug Trafficking,Narcotics,2026-03-20,13:31:27,Zone 5,Greenfield Sector 7,13.071197,80.341486,Pending,Low,1,41,Male,Friday,13,Drug Trafficking reported near Greenfield Sector 7.
Shoplifting,Theft,2025-12-22,06:00:05,Zone 5,Lakeview Colony,13.078517,80.249019,Pending,Medium,0,22,Other,Monday,6,Shoplifting reported near Lakeview Colony.
Drug Trafficking,Narcotics,2026-04-28,22:41:49,Zone 5,Old Town Square,13.049161,80.32616,Solved,Low,0,23,Other,Tuesday,22,Drug Trafficking reported near Riverside Park.
Vandalism,Public Order,2025-08-14,16:39:20,Zone 3,Riverside Park,13.138767,80.206209,Solved,Low,0,20,Female,Thursday,16,Vandalism reported near Industrial Estate.
Vehicle Theft,Theft,2025-09-25,22:09:44,Zone 1,North Bus Depot,13.056064,80.290222,Solved,High,0,49,Female,Thursday,22,Vehicle Theft reported near North Bus Depot.
Burglary,Theft,2026-02-14,17:54:19,Zone 2,Lakeview Colony,13.04671,80.262469,Solved,Medium,0,17,Female,Saturday,17,Burglary reported near University Gate.
Drug Possession,Narcotics,2026-03-22,23:59:56,Zone 5,Central Market,13.003522,80.324611,Pending,Low,0,66,Female,Sunday,23,Drug Possession reported near Harbor Front.
Drug Trafficking,Narcotics,2026-05-31,18:42:10,Zone 1,Old Town Square,13.14092,80.285594,Solved,Low,0,18,Other,Sunday,18,Drug Trafficking reported near Central Market.
Drug Possession,Narcotics,2026-01-20,11:05:46,Zone 5,Greenfield Sector 7,13.120557,80.20597,Solved,High,0,41,Other,Tuesday,11,Drug Possession reported near Industrial Estate.
Pickpocketing,Theft,2026-06-21,12:30:00,Zone 2,Old Town Square,13.010793,80.192509,Solved,Low,0,36,Female,Sunday,12,Pickpocketing reported near Central Market.
Drug Possession,Narcotics,2026-03-10,22:45:34,Zone 5,Lakeview Colony,13.026638,80.20373,Pending,Medium,0,65,Male,Tuesday,22,Drug Possession reported near University Gate.
Identity Theft,Cybercrime,2025-10-10,09:17:40,Zone 6,MG Road Junction,13.158236,80.309699,Pending,Medium,0,25,Female,Friday,9,Identity Theft reported near Industrial Estate.
Phishing,Cybercrime,2026-01-02,16:45:38,Zone 2,Riverside Park,13.035763,80.223296,Pending,Low,0,28,Male,Friday,16,Phishing reported near North Bus Depot.
Identity Theft,Cybercrime,2026-07-05,21:57:03,Zone 5,Greenfield Sector 7,13.124634,80.325169,Pending,Medium,0,51,Female,Sunday,21,Identity Theft reported near MG Road Junction.
Drug Possession,Narcotics,2025-09-12,01:53:46,Zone 5,North Bus Depot,13.134272,80.291372,Solved,Critical,1,59,Male,Friday,1,Drug Possession reported near Lakeview Colony.
Homicide,Violent Crime,2025-10-14,18:35:03,Zone 4,Harbor Front,13.057566,80.318755,Solved,Medium,1,41,Male,Tuesday,18,Homicide reported near Old Town Square.
Robbery,Violent Crime,2026-07-06,11:57:30,Zone 4,Railway Station Rd,13.111199,80.266868,Solved,Critical,1,62,Other,Monday,11,Robbery reported near MG Road Junction.
Robbery,Violent Crime,2026-06-05,21:18:24,Zone 5,Lakeview Colony,13.122044,80.32236,Pending,High,1,72,Female,Friday,21,Robbery reported near Lakeview Colony.
Domestic Violence,Violent Crime,2026-04-15,13:48:36,Zone 4,Central Market,13.062848,80.191144,Pending,Medium,0,63,Other,Wednesday,13,Domestic Violence reported near Old Town Square.
Pickpocketing,Theft,2025-10-04,00:58:24,Zone 1,Lakeview Colony,13.08541,80.198447,Solved,High,0,41,Male,Saturday,0,Pickpocketing reported near Lakeview Colony.
Burglary,Theft,2025-10-17,04:40:27,Zone 1,Greenfield Sector 7,13.045257,80.191982,Under Investigation,Medium,0,18,Other,Friday,4,Burglary reported near Central Market.
Burglary,Theft,2025-08-23,06:08:01,Zone 2,Industrial Estate,13.10003,80.244935,Pending,Medium,0,52,Female,Saturday,6,Burglary reported near University Gate.
Drug Possession,Narcotics,2025-09-24,20:25:02,Zone 5,Industrial Estate,13.010626,80.305357,Under Investigation,Low,0,74,Female,Wednesday,20,Drug Possession reported near Old Town Square.
Identity Theft,Cybercrime,2025-08-27,22:02:20,Zone 6,Industrial Estate,13.048433,80.279794,Pending,Medium,0,30,Other,Wednesday,22,Identity Theft reported near Central Market.
Drug Possession,Narcotics,2025-10-08,05:40:22,Zone 1,Lakeview Colony,13.087403,80.236043,Solved,High,0,26,Male,Wednesday,5,Drug Possession reported near Greenfield Sector 7.
Phishing,Cybercrime,2025-11-05,11:20:44,Zone 6,Lakeview Colony,13.067884,80.192631,Solved,Critical,0,69,Male,Wednesday,11,Phishing reported near Old Town Square.
Drug Trafficking,Narcotics,2026-07-11,05:40:09,Zone 5,Central Market,13.123943,80.334988,Solved,Low,0,39,Other,Saturday,5,Drug Trafficking reported near Industrial Estate.
Burglary,Theft,2025-08-02,03:14:43,Zone 1,MG Road Junction,13.118834,80.34288,Solved,Low,0,38,Other,Saturday,3,Burglary reported near Railway Station Rd.
Drug Possession,Narcotics,2026-04-16,04:13:15,Zone 5,Old Town Square,13.097217,80.239915,Solved,Medium,0,62,Other,Thursday,4,Drug Possession reported near Industrial Estate.
Shoplifting,Theft,2025-07-25,14:20:46,Zone 2,Harbor Front,13.076338,80.282327,Under Investigation,Medium,0,52,Other,Friday,14,Shoplifting reported near Lakeview Colony.
Hacking,Cybercrime,2025-09-22,10:24:56,Zone 4,Railway Station Rd,13.022389,80.228308,Pending,High,0,32,Other,Monday,10,Hacking reported near Harbor Front.
Drug Possession,Narcotics,2026-01-05,00:11:15,Zone 5,Old Town Square,13.161711,80.30175,Solved,High,0,31,Male,Monday,0,Drug Possession reported near Harbor Front.
Assault,Violent Crime,2025-09-10,16:15:13,Zone 1,Harbor Front,13.033045,80.321481,Pending,High,1,24,Male,Wednesday,16,Assault reported near Greenfield Sector 7.
Assault,Violent Crime,2026-04-11,23:20:15,Zone 4,Greenfield Sector 7,13.124794,80.321176,Pending,Critical,1,71,Other,Saturday,23,Assault reported near Harbor Front.
Pickpocketing,Theft,2025-11-16,14:45:10,Zone 2,Harbor Front,13.038514,80.276287,Solved,Low,0,27,Male,Sunday,14,Pickpocketing reported near Greenfield Sector 7.
Vehicle Theft,Theft,2026-06-12,14:14:48,Zone 1,Harbor Front,13.13044,80.273303,Solved,Low,0,20,Other,Friday,14,Vehicle Theft reported near Greenfield Sector 7.
Drug Possession,Narcotics,2025-08-05,04:20:55,Zone 5,Railway Station Rd,13.016157,80.325539,Solved,Medium,0,36,Female,Tuesday,4,Drug Possession reported near Greenfield Sector 7.
Burglary,Theft,2025-10-07,06:00:45,Zone 6,Lakeview Colony,13.135874,80.316876,Solved,Critical,0,56,Other,Tuesday,6,Burglary reported near Riverside Park.
Pickpocketing,Theft,2025-11-19,07:04:26,Zone 2,Old Town Square,13.144572,80.271697,Solved,Critical,1,62,Female,Wednesday,7,Pickpocketing reported near MG Road Junction.
Homicide,Violent Crime,2026-06-20,15:02:21,Zone 4,Central Market,13.100998,80.217815,Pending,High,0,62,Male,Saturday,15,Homicide reported near Harbor Front.
Phishing,Cybercrime,2026-05-09,06:43:41,Zone 4,Lakeview Colony,13.141667,80.266419,Pending,High,0,45,Female,Saturday,6,Phishing reported near Riverside Park.
Pickpocketing,Theft,2026-04-26,18:15:45,Zone 3,Lakeview Colony,13.067474,80.319476,Under Investigation,Medium,0,72,Female,Sunday,18,Pickpocketing reported near Lakeview Colony.
Hacking,Cybercrime,2026-03-01,14:41:37,Zone 6,Greenfield Sector 7,13.036119,80.274335,Pending,Low,0,59,Female,Sunday,14,Hacking reported near University Gate.
Phishing,Cybercrime,2026-03-06,21:32:27,Zone 5,MG Road Junction,13.008201,80.309115,Under Investigation,High,0,71,Female,Friday,21,Phishing reported near Greenfield Sector 7.
Robbery,Violent Crime,2025-12-14,13:08:08,Zone 6,Riverside Park,13.121948,80.346758,Solved,Medium,1,61,Other,Sunday,13,Robbery reported near Greenfield Sector 7.
Drug Possession,Narcotics,2025-08-12,04:18:35,Zone 6,Railway Station Rd,13.151946,80.227177,Solved,Low,0,43,Other,Tuesday,4,Drug Possession reported near University Gate.
Burglary,Theft,2025-09-16,15:19:31,Zone 2,Railway Station Rd,13.050727,80.322974,Solved,High,0,63,Other,Tuesday,15,Burglary reported near University Gate.
Robbery,Violent Crime,2026-05-12,16:41:34,Zone 4,Lakeview Colony,13.106529,80.199949,Solved,High,1,49,Male,Tuesday,16,Robbery reported near Lakeview Colony.
Online Fraud,Cybercrime,2025-07-24,13:23:25,Zone 6,Old Town Square,13.051652,80.310315,Pending,Medium,0,41,Male,Thursday,13,Online Fraud reported near Harbor Front.
Trespassing,Public Order,2025-11-30,11:49:50,Zone 3,Railway Station Rd,13.064591,80.332075,Under Investigation,Medium,1,25,Male,Sunday,11,Trespassing reported near Lakeview Colony.
Vehicle Theft,Theft,2025-09-26,11:24:25,Zone 1,Harbor Front,13.023885,80.206533,Pending,Low,1,48,Female,Friday,11,Vehicle Theft reported near Old Town Square.
Trespassing,Public Order,2025-12-23,12:48:22,Zone 3,Old Town Square,13.144855,80.24703,Pending,Critical,0,16,Male,Tuesday,12,Trespassing reported near MG Road Junction.
Homicide,Violent Crime,2025-10-22,21:54:08,Zone 4,Central Market,13.049287,80.199898,Solved,Low,1,25,Male,Wednesday,21,Homicide reported near Old Town Square.
Trespassing,Public Order,2025-09-17,15:18:00,Zone 3,Lakeview Colony,13.025695,80.326385,Under Investigation,Low,0,17,Other,Wednesday,15,Trespassing reported near North Bus Depot.
Vehicle Theft,Theft,2025-11-27,22:26:12,Zone 3,Hilltop Avenue,13.009993,80.290254,Under Investigation,High,0,57,Female,Thursday,22,Vehicle Theft reported near MG Road Junction.
Shoplifting,Theft,2026-06-21,14:34:14,Zone 2,Harbor Front,13.007563,80.288094,Solved,High,0,53,Male,Sunday,14,Shoplifting reported near Greenfield Sector 7.
Drug Trafficking,Narcotics,2025-09-13,21:58:52,Zone 4,Hilltop Avenue,13.145952,80.331122,Under Investigation,Low,0,33,Male,Saturday,21,Drug Trafficking reported near North Bus Depot.
Public Intoxication,Public Order,2025-10-20,12:58:02,Zone 3,Hilltop Avenue,13.076946,80.24733,Pending,Medium,0,16,Other,Monday,12,Public Intoxication reported near Industrial Estate.
Homicide,Violent Crime,2025-08-04,22:37:53,Zone 4,University Gate,13.10317,80.278461,Solved,Medium,1,55,Female,Monday,22,Homicide reported near Old Town Square.
Burglary,Theft,2026-05-30,20:38:48,Zone 2,Old Town Square,13.025086,80.273994,Pending,Medium,1,25,Male,Saturday,20,Burglary reported near North Bus Depot.
Trespassing,Public Order,2025-11-22,11:27:29,Zone 1,Lakeview Colony,13.060712,80.249148,Solved,High,0,63,Female,Saturday,11,Trespassing reported near Harbor Front.
Assault,Violent Crime,2025-11-01,21:08:53,Zone 5,Old Town Square,13.09972,80.316573,Pending,High,1,22,Other,Saturday,21,Assault reported near Lakeview Colony.
Burglary,Theft,2026-04-20,01:41:23,Zone 2,Railway Station Rd,13.118311,80.250979,Pending,Medium,0,34,Other,Monday,1,Burglary reported near North Bus Depot.
Vandalism,Public Order,2025-07-23,14:11:53,Zone 1,Hilltop Avenue,13.097157,80.295853,Solved,Medium,0,75,Male,Wednesday,14,Vandalism reported near Railway Station Rd.
Drug Trafficking,Narcotics,2026-05-01,20:52:21,Zone 5,Riverside Park,13.0928,80.256991,Under Investigation,Medium,0,31,Male,Friday,20,Drug Trafficking reported near Railway Station Rd.
Hacking,Cybercrime,2026-05-16,14:37:01,Zone 6,Greenfield Sector 7,13.159611,80.332125,Pending,Low,0,19,Male,Saturday,14,Hacking reported near University Gate.
Homicide,Violent Crime,2025-07-15,19:28:03,Zone 4,University Gate,13.110076,80.27905,Pending,Critical,1,32,Male,Tuesday,19,Homicide reported near Harbor Front.
Homicide,Violent Crime,2026-02-06,19:04:52,Zone 4,North Bus Depot,13.143264,80.277843,Pending,High,0,45,Other,Friday,19,Homicide reported near Central Market.
Hacking,Cybercrime,2025-09-11,13:19:23,Zone 3,Lakeview Colony,13.084288,80.288064,Solved,Medium,0,68,Other,Thursday,13,Hacking reported near North Bus Depot.
Drug Trafficking,Narcotics,2025-12-18,10:55:09,Zone 5,Harbor Front,13.156218,80.30034,Pending,Low,0,22,Male,Thursday,10,Drug Trafficking reported near Central Market.
Drug Possession,Narcotics,2025-08-26,19:35:56,Zone 6,Harbor Front,13.131865,80.206663,Pending,High,0,40,Other,Tuesday,19,Drug Possession reported near Central Market.
Pickpocketing,Theft,2026-07-12,11:48:54,Zone 5,Railway Station Rd,13.157216,80.196564,Solved,Low,0,65,Male,Sunday,11,Pickpocketing reported near Greenfield Sector 7.
Drug Possession,Narcotics,2026-03-24,22:32:42,Zone 5,North Bus Depot,13.151452,80.260565,Under Investigation,Low,1,61,Female,Tuesday,22,Drug Possession reported near MG Road Junction.
Domestic Violence,Violent Crime,2025-10-27,15:33:50,Zone 4,MG Road Junction,13.119437,80.226746,Pending,Critical,0,67,Female,Monday,15,Domestic Violence reported near Railway Station Rd.
Robbery,Violent Crime,2026-05-25,13:40:02,Zone 2,Harbor Front,13.111715,80.313521,Solved,High,1,21,Other,Monday,13,Robbery reported near Railway Station Rd.
Homicide,Violent Crime,2025-07-18,12:19:23,Zone 5,Railway Station Rd,13.159797,80.276683,Solved,Medium,0,19,Other,Friday,12,Homicide reported near University Gate.
Homicide,Violent Crime,2026-06-21,15:28:07,Zone 1,University Gate,13.054588,80.310708,Pending,Critical,1,18,Other,Sunday,15,Homicide reported near Harbor Front.
Trespassing,Public Order,2025-11-29,03:56:09,Zone 4,Hilltop Avenue,13.039839,80.346464,Solved,High,0,34,Female,Saturday,3,Trespassing reported near Lakeview Colony.
Phishing,Cybercrime,2026-03-19,17:27:19,Zone 4,Industrial Estate,13.133005,80.201323,Solved,Low,0,46,Male,Thursday,17,Phishing reported near Railway Station Rd.
Shoplifting,Theft,2025-09-20,10:45:58,Zone 5,Hilltop Avenue,13.028327,80.336302,Solved,Medium,0,41,Other,Saturday,10,Shoplifting reported near University Gate.
Assault,Violent Crime,2026-01-27,14:45:42,Zone 2,Lakeview Colony,13.051388,80.216888,Solved,Critical,0,70,Other,Tuesday,14,Assault reported near Industrial Estate.
Shoplifting,Theft,2025-10-14,14:51:24,Zone 1,Railway Station Rd,13.006535,80.26535,Solved,Low,0,61,Female,Tuesday,14,Shoplifting reported near Lakeview Colony.
Identity Theft,Cybercrime,2025-10-11,15:58:40,Zone 2,Lakeview Colony,13.080629,80.309216,Pending,High,0,20,Female,Saturday,15,Identity Theft reported near MG Road Junction.
Vandalism,Public Order,2026-04-23,16:06:25,Zone 3,North Bus Depot,13.093027,80.202189,Under Investigation,High,0,66,Female,Thursday,16,Vandalism reported near Old Town Square.
Phishing,Cybercrime,2025-07-19,06:35:13,Zone 6,Riverside Park,13.113739,80.320438,Pending,Low,0,53,Other,Saturday,6,Phishing reported near Riverside Park.
Drug Possession,Narcotics,2026-04-04,20:27:54,Zone 5,Lakeview Colony,13.104206,80.345779,Pending,Medium,0,61,Male,Saturday,20,Drug Possession reported near Central Market.
Public Intoxication,Public Order,2025-11-26,06:47:24,Zone 5,University Gate,13.161092,80.256918,Under Investigation,Critical,0,41,Male,Wednesday,6,Public Intoxication reported near Old Town Square.
Burglary,Theft,2026-05-12,15:14:17,Zone 2,Lakeview Colony,13.100895,80.277775,Pending,Low,1,51,Male,Tuesday,15,Burglary reported near Lakeview Colony.
Assault,Violent Crime,2026-05-28,22:39:04,Zone 4,MG Road Junction,13.055084,80.292406,Solved,Medium,1,55,Male,Thursday,22,Assault reported near North Bus Depot.
Phishing,Cybercrime,2025-11-23,20:58:23,Zone 2,MG Road Junction,13.072185,80.239847,Solved,High,0,23,Other,Sunday,20,Phishing reported near Lakeview Colony.
Burglary,Theft,2026-01-03,03:37:50,Zone 2,Industrial Estate,13.12277,80.30831,Pending,Medium,1,53,Male,Saturday,3,Burglary reported near Harbor Front.
Pickpocketing,Theft,2026-01-05,17:19:38,Zone 2,Industrial Estate,13.009897,80.225313,Under Investigation,High,0,16,Male,Monday,17,Pickpocketing reported near University Gate.
Trespassing,Public Order,2026-04-01,20:59:43,Zone 3,North Bus Depot,13.043631,80.278592,Under Investigation,Medium,0,52,Male,Wednesday,20,Trespassing reported near Old Town Square.
Assault,Violent Crime,2026-03-08,12:46:47,Zone 4,Industrial Estate,13.114021,80.250507,Solved,High,1,21,Male,Sunday,12,Assault reported near Old Town Square.
Trespassing,Public Order,2025-10-24,18:20:13,Zone 6,North Bus Depot,13.012864,80.330676,Solved,Low,0,44,Female,Friday,18,Trespassing reported near Harbor Front.
Robbery,Violent Crime,2026-06-19,21:32:03,Zone 4,North Bus Depot,13.012264,80.306394,Solved,High,1,53,Male,Friday,21,Robbery reported near Industrial Estate.
Online Fraud,Cybercrime,2025-12-06,12:10:40,Zone 1,Hilltop Avenue,13.019322,80.31873,Pending,Medium,0,45,Male,Saturday,12,Online Fraud reported near MG Road Junction.
Drug Trafficking,Narcotics,2025-12-11,01:48:29,Zone 5,Lakeview Colony,13.136932,80.255747,Solved,Medium,0,68,Other,Thursday,1,Drug Trafficking reported near Harbor Front.
Vehicle Theft,Theft,2026-01-07,07:47:12,Zone 2,Lakeview Colony,13.004658,80.196018,Under Investigation,Low,0,71,Female,Wednesday,7,Vehicle Theft reported near Harbor Front.
Shoplifting,Theft,2026-05-07,09:06:06,Zone 6,Central Market,13.048984,80.215244,Solved,Low,0,32,Female,Thursday,9,Shoplifting reported near University Gate.
Vehicle Theft,Theft,2025-12-22,19:13:54,Zone 5,Industrial Estate,13.12113,80.213204,Solved,Low,0,30,Other,Monday,19,Vehicle Theft reported near Riverside Park.
Shoplifting,Theft,2026-01-04,15:06:42,Zone 2,Hilltop Avenue,13.120966,80.311901,Solved,High,0,35,Male,Sunday,15,Shoplifting reported near North Bus Depot.
Drug Possession,Narcotics,2025-08-22,04:33:24,Zone 5,Industrial Estate,13.155557,80.209379,Pending,Low,0,69,Female,Friday,4,Drug Possession reported near Harbor Front.
Vandalism,Public Order,2026-02-11,16:19:49,Zone 3,Hilltop Avenue,13.131365,80.288206,Solved,Low,0,43,Female,Wednesday,16,Vandalism reported near North Bus Depot.
Vandalism,Public Order,2025-09-20,10:48:29,Zone 3,Greenfield Sector 7,13.104565,80.266469,Solved,High,0,51,Other,Saturday,10,Vandalism reported near Harbor Front.
Public Intoxication,Public Order,2026-03-19,14:49:05,Zone 3,Industrial Estate,13.056237,80.21911,Solved,Low,1,52,Male,Thursday,14,Public Intoxication reported near Old Town Square.
Vandalism,Public Order,2026-01-08,22:32:03,Zone 4,Industrial Estate,13.101834,80.257349,Pending,Low,0,30,Male,Thursday,22,Vandalism reported near Lakeview Colony.
Homicide,Violent Crime,2025-12-02,23:25:27,Zone 5,University Gate,13.117849,80.297408,Pending,Medium,1,75,Female,Tuesday,23,Homicide reported near Riverside Park.
Drug Trafficking,Narcotics,2026-03-11,03:56:58,Zone 6,Industrial Estate,13.115832,80.349082,Solved,Medium,0,46,Male,Wednesday,3,Drug Trafficking reported near Riverside Park.
Hacking,Cybercrime,2026-04-06,13:14:20,Zone 6,Hilltop Avenue,13.046133,80.34113,Pending,Low,0,63,Female,Monday,13,Hacking reported near North Bus Depot.
Vandalism,Public Order,2025-12-26,07:36:30,Zone 6,Harbor Front,13.097138,80.228518,Pending,Medium,1,20,Female,Friday,7,Vandalism reported near Central Market.
Drug Possession,Narcotics,2026-05-25,22:32:41,Zone 3,Railway Station Rd,13.034177,80.264605,Under Investigation,Low,0,24,Female,Monday,22,Drug Possession reported near MG Road Junction.
Vehicle Theft,Theft,2026-02-25,14:52:30,Zone 4,Old Town Square,13.156128,80.335314,Solved,Low,1,52,Male,Wednesday,14,Vehicle Theft reported near Central Market.
Hacking,Cybercrime,2026-04-06,18:50:49,Zone 2,University Gate,13.073423,80.220131,Under Investigation,Medium,0,53,Other,Monday,18,Hacking reported near Riverside Park.
Identity Theft,Cybercrime,2025-12-21,22:12:38,Zone 4,Greenfield Sector 7,13.020122,80.212891,Under Investigation,High,0,56,Female,Sunday,22,Identity Theft reported near MG Road Junction.
Shoplifting,Theft,2025-10-31,23:07:11,Zone 2,Greenfield Sector 7,13.105425,80.303103,Pending,Low,0,42,Female,Friday,23,Shoplifting reported near Harbor Front.
Burglary,Theft,2026-03-26,07:07:02,Zone 1,Central Market,13.019481,80.253041,Pending,Low,0,41,Other,Thursday,7,Burglary reported near North Bus Depot.
Drug Possession,Narcotics,2026-06-05,03:17:17,Zone 5,Harbor Front,13.037171,80.337523,Under Investigation,Low,0,33,Other,Friday,3,Drug Possession reported near Central Market.
Trespassing,Public Order,2025-10-10,05:03:04,Zone 3,Hilltop Avenue,13.141096,80.26968,Solved,Low,0,21,Male,Friday,5,Trespassing reported near Lakeview Colony.
Drug Possession,Narcotics,2026-07-04,21:41:57,Zone 1,Lakeview Colony,13.150332,80.333681,Under Investigation,Low,0,70,Female,Saturday,21,Drug Possession reported near Central Market.
Vehicle Theft,Theft,2025-09-01,01:18:09,Zone 4,Industrial Estate,13.022219,80.326001,Pending,Low,0,35,Other,Monday,1,Vehicle Theft reported near Old Town Square.
Homicide,Violent Crime,2026-04-06,16:44:30,Zone 2,North Bus Depot,13.093176,80.298108,Pending,High,1,74,Other,Monday,16,Homicide reported near Lakeview Colony.
Pickpocketing,Theft,2026-05-27,17:07:13,Zone 1,MG Road Junction,13.143005,80.315931,Under Investigation,Low,0,24,Female,Wednesday,17,Pickpocketing reported near Railway Station Rd.
Assault,Violent Crime,2026-02-18,06:53:34,Zone 6,Central Market,13.0762,80.29182,Under Investigation,Medium,1,65,Other,Wednesday,6,Assault reported near North Bus Depot.
Homicide,Violent Crime,2025-11-06,13:27:12,Zone 4,Railway Station Rd,13.099531,80.228915,Under Investigation,Critical,0,35,Other,Thursday,13,Homicide reported near Central Market.
Shoplifting,Theft,2026-04-21,15:07:22,Zone 6,Industrial Estate,13.048133,80.198362,Solved,Medium,0,19,Female,Tuesday,15,Shoplifting reported near Greenfield Sector 7.
Online Fraud,Cybercrime,2025-12-30,09:16:52,Zone 6,Railway Station Rd,13.057803,80.217455,Pending,Low,0,63,Female,Tuesday,9,Online Fraud reported near Central Market.
Shoplifting,Theft,2026-02-21,16:04:59,Zone 1,Industrial Estate,13.115914,80.2841,Pending,Medium,0,43,Female,Saturday,16,Shoplifting reported near Greenfield Sector 7.
Trespassing,Public Order,2026-03-25,01:06:37,Zone 3,Lakeview Colony,13.161165,80.302821,Under Investigation,Low,0,29,Female,Wednesday,1,Trespassing reported near Industrial Estate.
Drug Possession,Narcotics,2026-04-12,17:05:29,Zone 5,Old Town Square,13.02767,80.255373,Solved,Medium,0,40,Male,Sunday,17,Drug Possession reported near Railway Station Rd.
Shoplifting,Theft,2025-08-16,05:14:00,Zone 1,Old Town Square,13.160593,80.251192,Under Investigation,Medium,1,18,Other,Saturday,5,Shoplifting reported near Hilltop Avenue.
Vehicle Theft,Theft,2026-07-14,23:26:26,Zone 4,Railway Station Rd,13.089339,80.200139,Pending,Low,1,24,Other,Tuesday,23,Vehicle Theft reported near Riverside Park.
Burglary,Theft,2026-04-08,16:07:22,Zone 1,Riverside Park,13.141929,80.296236,Solved,Low,0,51,Male,Wednesday,16,Burglary reported near Old Town Square.
Pickpocketing,Theft,2026-01-30,13:22:38,Zone 1,Hilltop Avenue,13.097269,80.238246,Pending,Low,0,33,Female,Friday,13,Pickpocketing reported near Greenfield Sector 7.
Vehicle Theft,Theft,2025-07-21,21:22:42,Zone 1,Railway Station Rd,13.007452,80.327179,Under Investigation,Medium,0,75,Male,Monday,21,Vehicle Theft reported near Riverside Park.
Online Fraud,Cybercrime,2026-07-12,06:40:44,Zone 6,Greenfield Sector 7,13.152461,80.248201,Under Investigation,Medium,0,64,Female,Sunday,6,Online Fraud reported near Hilltop Avenue.
Vehicle Theft,Theft,2026-06-09,20:06:39,Zone 2,Industrial Estate,13.048732,80.329376,Solved,High,0,71,Male,Tuesday,20,Vehicle Theft reported near Hilltop Avenue.
Identity Theft,Cybercrime,2025-11-17,09:29:18,Zone 1,Harbor Front,13.119942,80.291309,Solved,Medium,0,48,Other,Monday,9,Identity Theft reported near Hilltop Avenue.
Drug Trafficking,Narcotics,2026-03-24,08:58:35,Zone 5,Central Market,13.105496,80.345591,Pending,Medium,0,58,Male,Tuesday,8,Drug Trafficking reported near Central Market.
Drug Trafficking,Narcotics,2026-03-10,20:25:38,Zone 2,Railway Station Rd,13.094813,80.24173,Solved,Low,0,66,Female,Tuesday,20,Drug Trafficking reported near Greenfield Sector 7.
Drug Possession,Narcotics,2025-10-11,02:57:47,Zone 5,Old Town Square,13.002806,80.257756,Solved,Critical,0,38,Male,Saturday,2,Drug Possession reported near Hilltop Avenue.
Vandalism,Public Order,2026-01-04,20:24:21,Zone 5,MG Road Junction,13.069961,80.229195,Solved,Medium,0,21,Female,Sunday,20,Vandalism reported near Industrial Estate.
Vehicle Theft,Theft,2026-03-23,15:04:19,Zone 2,Old Town Square,13.096739,80.278994,Solved,Low,0,28,Female,Monday,15,Vehicle Theft reported near University Gate.
Domestic Violence,Violent Crime,2026-02-15,13:49:53,Zone 4,Old Town Square,13.082524,80.336204,Solved,Medium,1,59,Male,Sunday,13,Domestic Violence reported near North Bus Depot.
Identity Theft,Cybercrime,2026-04-18,07:00:49,Zone 6,University Gate,13.007806,80.203503,Solved,Medium,0,37,Female,Saturday,7,Identity Theft reported near North Bus Depot.
Identity Theft,Cybercrime,2026-02-04,06:37:59,Zone 4,MG Road Junction,13.007307,80.218559,Under Investigation,Medium,0,26,Female,Wednesday,6,Identity Theft reported near Riverside Park.
Vandalism,Public Order,2026-03-29,19:39:50,Zone 3,Industrial Estate,13.05677,80.286665,Under Investigation,Low,1,56,Other,Sunday,19,Vandalism reported near Riverside Park.
Drug Possession,Narcotics,2026-02-23,22:08:38,Zone 5,Riverside Park,13.072313,80.220111,Solved,High,0,22,Female,Monday,22,Drug Possession reported near Old Town Square.
Assault,Violent Crime,2026-02-12,15:34:59,Zone 2,Lakeview Colony,13.125756,80.335528,Solved,High,0,40,Other,Thursday,15,Assault reported near North Bus Depot.
Pickpocketing,Theft,2026-03-25,17:48:02,Zone 4,Hilltop Avenue,13.158088,80.210078,Solved,Low,0,65,Female,Wednesday,17,Pickpocketing reported near MG Road Junction.
Pickpocketing,Theft,2026-05-28,02:36:15,Zone 2,Greenfield Sector 7,13.105578,80.224563,Pending,Medium,0,19,Male,Thursday,2,Pickpocketing reported near MG Road Junction.
Identity Theft,Cybercrime,2025-12-08,09:11:53,Zone 6,Central Market,13.057182,80.305187,Pending,Medium,0,48,Other,Monday,9,Identity Theft reported near Industrial Estate.
Phishing,Cybercrime,2025-11-27,23:51:57,Zone 3,North Bus Depot,13.02552,80.190775,Solved,High,0,24,Other,Thursday,23,Phishing reported near North Bus Depot.
Public Intoxication,Public Order,2025-10-16,11:24:18,Zone 1,Greenfield Sector 7,13.073275,80.23677,Pending,Low,0,34,Female,Thursday,11,Public Intoxication reported near North Bus Depot.
Vehicle Theft,Theft,2025-08-06,23:27:26,Zone 6,Lakeview Colony,13.11654,80.245097,Pending,Low,0,20,Male,Wednesday,23,Vehicle Theft reported near MG Road Junction.
Drug Possession,Narcotics,2025-07-22,04:35:03,Zone 5,Central Market,13.067785,80.202569,Solved,Medium,0,59,Male,Tuesday,4,Drug Possession reported near Lakeview Colony.
Vandalism,Public Order,2025-12-30,21:40:27,Zone 4,Industrial Estate,13.03542,80.230072,Solved,Low,0,53,Male,Tuesday,21,Vandalism reported near Central Market.
Shoplifting,Theft,2025-08-18,10:14:58,Zone 2,MG Road Junction,13.082377,80.204,Solved,High,0,17,Other,Monday,10,Shoplifting reported near North Bus Depot.
Robbery,Violent Crime,2026-03-14,10:16:27,Zone 4,Riverside Park,13.057833,80.296093,Pending,High,1,46,Other,Saturday,10,Robbery reported near University Gate.
Trespassing,Public Order,2025-10-06,21:31:26,Zone 3,Riverside Park,13.0575,80.202153,Under Investigation,Critical,1,18,Male,Monday,21,Trespassing reported near Central Market.
Pickpocketing,Theft,2026-01-17,15:25:18,Zone 3,Central Market,13.032138,80.261919,Under Investigation,Medium,0,67,Male,Saturday,15,Pickpocketing reported near Railway Station Rd.
Identity Theft,Cybercrime,2026-03-26,11:53:23,Zone 2,Lakeview Colony,13.110323,80.240942,Pending,High,0,32,Other,Thursday,11,Identity Theft reported near Railway Station Rd.
Drug Trafficking,Narcotics,2026-04-26,03:51:36,Zone 5,Industrial Estate,13.048777,80.249517,Pending,Low,0,16,Female,Sunday,3,Drug Trafficking reported near Greenfield Sector 7.
Public Intoxication,Public Order,2025-12-31,23:54:07,Zone 2,Lakeview Colony,13.025579,80.298247,Pending,High,0,61,Female,Wednesday,23,Public Intoxication reported near Riverside Park.
Phishing,Cybercrime,2025-09-04,14:13:16,Zone 5,Central Market,13.11227,80.233787,Solved,Low,0,35,Female,Thursday,14,Phishing reported near Harbor Front.
Robbery,Violent Crime,2026-04-07,22:29:35,Zone 3,Old Town Square,13.160135,80.301032,Pending,Critical,1,74,Female,Tuesday,22,Robbery reported near Railway Station Rd.
Homicide,Violent Crime,2026-05-17,12:41:03,Zone 6,Railway Station Rd,13.076133,80.223278,Solved,High,1,51,Other,Sunday,12,Homicide reported near Riverside Park.
Burglary,Theft,2025-07-26,21:44:45,Zone 2,Railway Station Rd,13.045856,80.200945,Pending,High,0,16,Female,Saturday,21,Burglary reported near North Bus Depot.
Domestic Violence,Violent Crime,2026-04-05,06:08:56,Zone 4,University Gate,13.129704,80.214948,Under Investigation,Critical,1,59,Other,Sunday,6,Domestic Violence reported near Old Town Square.
Domestic Violence,Violent Crime,2026-03-08,10:48:13,Zone 5,Riverside Park,13.070358,80.262917,Pending,High,0,60,Other,Sunday,10,Domestic Violence reported near Greenfield Sector 7.
Assault,Violent Crime,2025-07-24,15:54:21,Zone 4,Greenfield Sector 7,13.105118,80.231211,Under Investigation,Critical,1,24,Male,Thursday,15,Assault reported near Hilltop Avenue.
Phishing,Cybercrime,2026-05-19,03:39:23,Zone 3,MG Road Junction,13.124876,80.205673,Solved,Medium,0,68,Other,Tuesday,3,Phishing reported near MG Road Junction.
Shoplifting,Theft,2026-02-16,05:22:50,Zone 1,MG Road Junction,13.146641,80.305163,Pending,High,0,29,Other,Monday,5,Shoplifting reported near University Gate.
Shoplifting,Theft,2026-03-07,03:18:03,Zone 5,Harbor Front,13.04621,80.20092,Solved,Low,1,29,Female,Saturday,3,Shoplifting reported near North Bus Depot.
Shoplifting,Theft,2025-10-25,07:19:29,Zone 5,Lakeview Colony,13.053855,80.27161,Solved,Low,0,49,Female,Saturday,7,Shoplifting reported near Lakeview Colony.
Public Intoxication,Public Order,2025-11-27,11:05:59,Zone 3,Greenfield Sector 7,13.100012,80.215463,Solved,Medium,1,49,Other,Thursday,11,Public Intoxication reported near Hilltop Avenue.
Trespassing,Public Order,2026-05-24,05:23:33,Zone 6,Greenfield Sector 7,13.151155,80.258587,Solved,Medium,1,52,Female,Sunday,5,Trespassing reported near Lakeview Colony.
Robbery,Violent Crime,2025-08-11,08:04:30,Zone 4,North Bus Depot,13.141866,80.305807,Under Investigation,Critical,0,39,Male,Monday,8,Robbery reported near Old Town Square.
Shoplifting,Theft,2025-12-11,11:09:34,Zone 3,Hilltop Avenue,13.061839,80.249059,Pending,Low,0,26,Female,Thursday,11,Shoplifting reported near Riverside Park.
Robbery,Violent Crime,2026-05-28,22:44:30,Zone 4,Lakeview Colony,13.056324,80.19763,Solved,High,1,43,Other,Thursday,22,Robbery reported near Railway Station Rd.
Burglary,Theft,2026-07-13,17:21:13,Zone 5,Hilltop Avenue,13.027914,80.322817,Solved,Low,0,67,Other,Monday,17,Burglary reported near North Bus Depot.
Trespassing,Public Order,2026-01-08,08:08:55,Zone 3,Hilltop Avenue,13.085557,80.341642,Solved,Low,1,45,Male,Thursday,8,Trespassing reported near MG Road Junction.
Vandalism,Public Order,2026-07-11,15:53:14,Zone 5,Railway Station Rd,13.091591,80.305104,Pending,Low,0,74,Other,Saturday,15,Vandalism reported near Central Market.
Drug Trafficking,Narcotics,2026-05-05,01:46:30,Zone 1,Railway Station Rd,13.107096,80.338147,Solved,Low,0,74,Male,Tuesday,1,Drug Trafficking reported near Riverside Park.
Burglary,Theft,2026-02-24,07:43:18,Zone 1,University Gate,13.080918,80.332852,Pending,Critical,0,58,Female,Tuesday,7,Burglary reported near Railway Station Rd.
Vandalism,Public Order,2025-08-02,18:30:06,Zone 1,Railway Station Rd,13.062892,80.304264,Solved,Low,0,42,Female,Saturday,18,Vandalism reported near MG Road Junction.
Trespassing,Public Order,2026-03-18,12:17:01,Zone 5,Riverside Park,13.005494,80.304844,Under Investigation,Low,1,59,Female,Wednesday,12,Trespassing reported near Harbor Front.
Hacking,Cybercrime,2025-08-31,22:11:08,Zone 6,Greenfield Sector 7,13.136746,80.283413,Solved,High,0,61,Male,Sunday,22,Hacking reported near Railway Station Rd.
Shoplifting,Theft,2025-11-14,11:48:07,Zone 1,MG Road Junction,13.056232,80.316875,Under Investigation,Medium,0,63,Other,Friday,11,Shoplifting reported near Central Market.
Burglary,Theft,2025-12-14,01:02:08,Zone 1,Industrial Estate,13.066912,80.280384,Under Investigation,Medium,0,54,Female,Sunday,1,Burglary reported near Hilltop Avenue.
Shoplifting,Theft,2025-10-29,16:22:31,Zone 2,Central Market,13.145809,80.28672,Pending,Low,0,68,Female,Wednesday,16,Shoplifting reported near Lakeview Colony.
Drug Trafficking,Narcotics,2025-08-25,21:43:53,Zone 2,Railway Station Rd,13.04111,80.215623,Under Investigation,High,0,60,Male,Monday,21,Drug Trafficking reported near Harbor Front.
Robbery,Violent Crime,2025-10-24,13:34:21,Zone 4,Riverside Park,13.044919,80.332935,Pending,Critical,1,34,Male,Friday,13,Robbery reported near MG Road Junction.
Assault,Violent Crime,2025-10-09,19:05:19,Zone 1,Industrial Estate,13.109346,80.251018,Solved,Low,0,33,Male,Thursday,19,Assault reported near Riverside Park.
Trespassing,Public Order,2026-04-04,22:44:46,Zone 4,Lakeview Colony,13.034404,80.228215,Under Investigation,High,0,54,Other,Saturday,22,Trespassing reported near North Bus Depot.
Vehicle Theft,Theft,2026-06-17,14:33:52,Zone 1,Old Town Square,13.09793,80.228267,Pending,Medium,0,70,Other,Wednesday,14,Vehicle Theft reported near MG Road Junction.
Burglary,Theft,2026-01-26,03:34:56,Zone 2,MG Road Junction,13.153632,80.31166,Pending,Medium,0,75,Female,Monday,3,Burglary reported near University Gate.
Public Intoxication,Public Order,2026-06-01,20:25:10,Zone 2,Riverside Park,13.088106,80.293532,Solved,Medium,0,59,Other,Monday,20,Public Intoxication reported near Lakeview Colony.
Drug Trafficking,Narcotics,2025-11-24,20:54:00,Zone 5,Central Market,13.14219,80.336518,Under Investigation,Low,1,18,Female,Monday,20,Drug Trafficking reported near Harbor Front.
Assault,Violent Crime,2025-09-05,17:12:38,Zone 5,Central Market,13.074358,80.271314,Pending,Critical,0,63,Female,Friday,17,Assault reported near Riverside Park.
Online Fraud,Cybercrime,2025-11-15,17:22:41,Zone 6,Railway Station Rd,13.007305,80.307256,Pending,Medium,0,60,Male,Saturday,17,Online Fraud reported near Hilltop Avenue.
Robbery,Violent Crime,2025-08-13,18:13:26,Zone 4,Central Market,13.150994,80.259891,Solved,High,1,62,Other,Wednesday,18,Robbery reported near Lakeview Colony.
Hacking,Cybercrime,2026-04-18,03:27:27,Zone 6,University Gate,13.072297,80.273056,Solved,Medium,0,60,Male,Saturday,3,Hacking reported near Railway Station Rd.
Hacking,Cybercrime,2026-01-31,04:58:41,Zone 6,Railway Station Rd,13.099056,80.333419,Pending,Medium,0,34,Other,Saturday,4,Hacking reported near Greenfield Sector 7.
Drug Possession,Narcotics,2026-05-07,04:30:30,Zone 2,MG Road Junction,13.077077,80.260113,Solved,Critical,0,51,Male,Thursday,4,Drug Possession reported near Hilltop Avenue.
Drug Possession,Narcotics,2026-02-04,22:58:45,Zone 3,Lakeview Colony,13.15329,80.237245,Under Investigation,Medium,0,37,Female,Wednesday,22,Drug Possession reported near Hilltop Avenue.
Drug Possession,Narcotics,2026-05-05,23:55:22,Zone 5,Central Market,13.141484,80.246847,Solved,Low,0,69,Female,Tuesday,23,Drug Possession reported near Hilltop Avenue.
Homicide,Violent Crime,2026-06-24,20:11:16,Zone 4,Railway Station Rd,13.045863,80.303341,Pending,Medium,1,38,Other,Wednesday,20,Homicide reported near Railway Station Rd.
Burglary,Theft,2025-09-18,00:06:46,Zone 1,Harbor Front,13.14305,80.245083,Solved,Low,0,18,Female,Thursday,0,Burglary reported near Old Town Square.
Pickpocketing,Theft,2025-08-11,14:09:11,Zone 2,Hilltop Avenue,13.028628,80.326857,Solved,Low,0,17,Female,Monday,14,Pickpocketing reported near Riverside Park.
Pickpocketing,Theft,2025-08-23,00:08:51,Zone 1,University Gate,13.044569,80.218342,Solved,Low,0,67,Other,Saturday,0,Pickpocketing reported near Railway Station Rd.
Trespassing,Public Order,2025-08-25,23:44:51,Zone 3,Old Town Square,13.054961,80.332161,Pending,Medium,0,41,Other,Monday,23,Trespassing reported near Greenfield Sector 7.
Public Intoxication,Public Order,2026-06-20,17:31:50,Zone 3,University Gate,13.036025,80.294051,Solved,Low,0,20,Female,Saturday,17,Public Intoxication reported near Lakeview Colony.
Hacking,Cybercrime,2026-01-15,04:47:55,Zone 6,North Bus Depot,13.045527,80.222428,Pending,Low,0,58,Female,Thursday,4,Hacking reported near Harbor Front.
Domestic Violence,Violent Crime,2025-11-05,16:25:53,Zone 5,Railway Station Rd,13.050654,80.24081,Under Investigation,Medium,1,39,Other,Wednesday,16,Domestic Violence reported near Railway Station Rd.
Drug Trafficking,Narcotics,2026-03-14,20:41:26,Zone 1,North Bus Depot,13.126133,80.288313,Solved,Low,0,71,Other,Saturday,20,Drug Trafficking reported near Lakeview Colony.
Drug Possession,Narcotics,2026-01-15,19:50:19,Zone 5,Old Town Square,13.05376,80.200232,Solved,Critical,0,41,Female,Thursday,19,Drug Possession reported near Riverside Park.
Pickpocketing,Theft,2026-04-07,06:48:38,Zone 6,Railway Station Rd,13.124058,80.281443,Under Investigation,Medium,0,74,Male,Tuesday,6,Pickpocketing reported near Greenfield Sector 7.
Public Intoxication,Public Order,2025-08-08,23:00:15,Zone 3,Central Market,13.092657,80.195272,Under Investigation,Low,0,38,Male,Friday,23,Public Intoxication reported near Harbor Front.
Shoplifting,Theft,2026-01-22,15:35:06,Zone 2,Old Town Square,13.052564,80.245647,Pending,High,0,65,Other,Thursday,15,Shoplifting reported near Harbor Front.
Domestic Violence,Violent Crime,2025-09-01,09:51:46,Zone 6,Old Town Square,13.118681,80.206791,Pending,Medium,1,71,Male,Monday,9,Domestic Violence reported near Lakeview Colony.
Public Intoxication,Public Order,2026-03-03,17:53:43,Zone 3,Industrial Estate,13.063549,80.220009,Solved,Medium,0,47,Male,Tuesday,17,Public Intoxication reported near Hilltop Avenue.
Identity Theft,Cybercrime,2026-02-16,22:16:40,Zone 2,Harbor Front,13.123756,80.346988,Under Investigation,High,0,21,Other,Monday,22,Identity Theft reported near North Bus Depot.
Public Intoxication,Public Order,2025-08-09,13:22:20,Zone 3,Riverside Park,13.123628,80.225887,Pending,Medium,0,46,Male,Saturday,13,Public Intoxication reported near Hilltop Avenue.
Burglary,Theft,2026-03-11,08:06:53,Zone 1,University Gate,13.025164,80.204599,Under Investigation,Low,0,62,Other,Wednesday,8,Burglary reported near Riverside Park.
Assault,Violent Crime,2026-04-18,01:16:33,Zone 4,Greenfield Sector 7,13.021665,80.346813,Solved,High,1,75,Male,Saturday,1,Assault reported near Lakeview Colony.
Drug Trafficking,Narcotics,2026-03-15,20:15:59,Zone 5,Old Town Square,13.101655,80.244464,Under Investigation,Low,0,37,Male,Sunday,20,Drug Trafficking reported near University Gate.
Drug Possession,Narcotics,2026-05-12,05:43:51,Zone 3,Hilltop Avenue,13.018693,80.218419,Solved,Medium,0,74,Other,Tuesday,5,Drug Possession reported near Hilltop Avenue.
Shoplifting,Theft,2026-05-30,09:09:03,Zone 1,Harbor Front,13.02594,80.287949,Solved,Low,0,25,Other,Saturday,9,Shoplifting reported near Riverside Park.
Online Fraud,Cybercrime,2026-03-08,11:49:23,Zone 6,University Gate,13.07335,80.265349,Solved,Medium,0,37,Female,Sunday,11,Online Fraud reported near Greenfield Sector 7.
Online Fraud,Cybercrime,2026-06-02,20:12:41,Zone 1,Central Market,13.050565,80.260441,Solved,Medium,0,72,Male,Tuesday,20,Online Fraud reported near Harbor Front.
Drug Trafficking,Narcotics,2025-11-11,18:06:20,Zone 6,Greenfield Sector 7,13.005228,80.214232,Under Investigation,Medium,1,24,Female,Tuesday,18,Drug Trafficking reported near Industrial Estate.
Robbery,Violent Crime,2025-10-29,22:09:43,Zone 1,Riverside Park,13.101001,80.309682,Under Investigation,High,1,26,Male,Wednesday,22,Robbery reported near Greenfield Sector 7.
Drug Possession,Narcotics,2026-02-01,02:29:27,Zone 5,Railway Station Rd,13.127182,80.208925,Pending,Low,0,47,Male,Sunday,2,Drug Possession reported near Railway Station Rd.
Phishing,Cybercrime,2026-01-06,01:17:20,Zone 6,Harbor Front,13.010879,80.320118,Solved,Low,0,40,Other,Tuesday,1,Phishing reported near Hilltop Avenue.
Drug Possession,Narcotics,2026-03-28,17:56:03,Zone 2,Harbor Front,13.029916,80.241293,Solved,Low,0,65,Male,Saturday,17,Drug Possession reported near Old Town Square.
Homicide,Violent Crime,2025-12-19,20:19:40,Zone 1,Central Market,13.013709,80.304457,Pending,Medium,1,18,Male,Friday,20,Homicide reported near North Bus Depot.
Vandalism,Public Order,2026-06-10,22:20:06,Zone 5,MG Road Junction,13.04169,80.235631,Solved,Low,0,22,Male,Wednesday,22,Vandalism reported near Hilltop Avenue.
Identity Theft,Cybercrime,2026-03-18,00:35:47,Zone 6,Hilltop Avenue,13.034218,80.307693,Pending,High,0,23,Other,Wednesday,0,Identity Theft reported near Harbor Front.
Assault,Violent Crime,2026-03-16,18:42:43,Zone 4,MG Road Junction,13.016453,80.340846,Solved,High,0,45,Other,Monday,18,Assault reported near Hilltop Avenue.
Public Intoxication,Public Order,2025-11-12,02:01:22,Zone 5,MG Road Junction,13.023404,80.231817,Under Investigation,Medium,0,45,Male,Wednesday,2,Public Intoxication reported near Lakeview Colony.
Shoplifting,Theft,2026-07-01,15:53:38,Zone 2,Central Market,13.054003,80.219549,Solved,Medium,0,72,Other,Wednesday,15,Shoplifting reported near Central Market.
Drug Trafficking,Narcotics,2026-01-12,22:26:38,Zone 5,Riverside Park,13.078318,80.289394,Solved,Low,0,45,Female,Monday,22,Drug Trafficking reported near Railway Station Rd.
Pickpocketing,Theft,2025-07-31,15:43:32,Zone 1,Central Market,13.082776,80.310713,Solved,High,0,24,Other,Thursday,15,Pickpocketing reported near Lakeview Colony.
Trespassing,Public Order,2026-03-26,13:31:13,Zone 4,MG Road Junction,13.076103,80.221996,Pending,High,0,26,Other,Thursday,13,Trespassing reported near Riverside Park.
Hacking,Cybercrime,2026-06-10,07:25:56,Zone 2,Old Town Square,13.063702,80.269778,Solved,Low,0,59,Male,Wednesday,7,Hacking reported near Central Market.
Assault,Violent Crime,2025-07-31,08:42:06,Zone 4,University Gate,13.062635,80.237983,Under Investigation,Medium,1,42,Male,Thursday,8,Assault reported near Lakeview Colony.
Public Intoxication,Public Order,2025-12-29,13:36:24,Zone 3,North Bus Depot,13.097605,80.335083,Pending,High,0,16,Male,Monday,13,Public Intoxication reported near Old Town Square.
Drug Possession,Narcotics,2025-12-23,18:05:48,Zone 5,Greenfield Sector 7,13.057822,80.346785,Under Investigation,Medium,0,23,Other,Tuesday,18,Drug Possession reported near Harbor Front.
Vehicle Theft,Theft,2025-12-31,14:17:04,Zone 2,Central Market,13.009689,80.232976,Solved,Low,1,21,Other,Wednesday,14,Vehicle Theft reported near Railway Station Rd.
Burglary,Theft,2026-02-22,06:12:01,Zone 2,Harbor Front,13.016701,80.208974,Under Investigation,Medium,0,19,Female,Sunday,6,Burglary reported near Industrial Estate.
Identity Theft,Cybercrime,2025-09-23,21:37:39,Zone 6,Riverside Park,13.074507,80.286743,Under Investigation,Low,0,22,Female,Tuesday,21,Identity Theft reported near Central Market.
Pickpocketing,Theft,2026-01-25,10:47:06,Zone 1,Lakeview Colony,13.091163,80.276226,Under Investigation,Low,1,20,Female,Sunday,10,Pickpocketing reported near North Bus Depot.
Hacking,Cybercrime,2026-03-14,23:12:53,Zone 6,Industrial Estate,13.017759,80.28612,Solved,Critical,0,44,Male,Saturday,23,Hacking reported near University Gate.
Homicide,Violent Crime,2025-09-07,10:58:35,Zone 4,University Gate,13.083839,80.204889,Under Investigation,Critical,0,53,Other,Sunday,10,Homicide reported near Greenfield Sector 7.
Drug Possession,Narcotics,2025-07-24,01:13:41,Zone 5,Harbor Front,13.134428,80.270635,Solved,Low,0,60,Male,Thursday,1,Drug Possession reported near Central Market.
Robbery,Violent Crime,2025-12-13,21:15:04,Zone 4,MG Road Junction,13.077933,80.328457,Pending,Medium,1,35,Other,Saturday,21,Robbery reported near Greenfield Sector 7.
Burglary,Theft,2025-09-11,16:23:33,Zone 1,North Bus Depot,13.126944,80.271264,Under Investigation,Low,0,59,Other,Thursday,16,Burglary reported near Greenfield Sector 7.
Burglary,Theft,2025-11-12,23:13:38,Zone 5,Railway Station Rd,13.103839,80.21398,Solved,Low,1,67,Female,Wednesday,23,Burglary reported near Central Market.
Homicide,Violent Crime,2025-10-04,19:53:57,Zone 5,Central Market,13.154489,80.23135,Solved,High,1,68,Other,Saturday,19,Homicide reported near Riverside Park.
Phishing,Cybercrime,2026-05-14,09:36:38,Zone 6,Hilltop Avenue,13.044479,80.232013,Pending,High,0,32,Female,Thursday,9,Phishing reported near North Bus Depot.
Burglary,Theft,2026-06-19,08:57:49,Zone 1,Greenfield Sector 7,13.130857,80.286351,Pending,Medium,0,18,Other,Friday,8,Burglary reported near Greenfield Sector 7.
Identity Theft,Cybercrime,2025-09-22,11:40:17,Zone 4,Riverside Park,13.149047,80.195838,Pending,Critical,0,60,Male,Monday,11,Identity Theft reported near Railway Station Rd.
Homicide,Violent Crime,2025-08-17,16:32:04,Zone 4,Railway Station Rd,13.013347,80.223691,Under Investigation,Critical,1,17,Female,Sunday,16,Homicide reported near University Gate.
Burglary,Theft,2025-07-20,23:45:58,Zone 2,Old Town Square,13.031542,80.211917,Under Investigation,Low,0,22,Other,Sunday,23,Burglary reported near Greenfield Sector 7.
Assault,Violent Crime,2025-12-18,09:15:27,Zone 5,Old Town Square,13.052727,80.334986,Pending,Low,1,34,Female,Thursday,9,Assault reported near Riverside Park.
Drug Trafficking,Narcotics,2026-04-28,02:17:15,Zone 3,Industrial Estate,13.132062,80.31133,Solved,Low,0,60,Male,Tuesday,2,Drug Trafficking reported near Central Market.
Trespassing,Public Order,2026-06-12,14:17:00,Zone 6,Hilltop Avenue,13.10073,80.282853,Solved,Low,0,55,Other,Friday,14,Trespassing reported near Central Market.
Shoplifting,Theft,2026-02-06,06:53:20,Zone 2,Lakeview Colony,13.161119,80.3002,Under Investigation,Medium,0,71,Male,Friday,6,Shoplifting reported near Harbor Front.
Burglary,Theft,2026-02-03,09:17:11,Zone 1,Railway Station Rd,13.122596,80.285681,Solved,Low,0,40,Other,Tuesday,9,Burglary reported near Lakeview Colony.
Trespassing,Public Order,2026-04-19,17:14:14,Zone 4,Hilltop Avenue,13.088662,80.205623,Pending,Low,0,66,Male,Sunday,17,Trespassing reported near Greenfield Sector 7.
Online Fraud,Cybercrime,2026-02-10,06:40:54,Zone 6,University Gate,13.026507,80.191052,Solved,Medium,0,28,Female,Tuesday,6,Online Fraud reported near Lakeview Colony.
Shoplifting,Theft,2025-08-04,13:14:15,Zone 2,Lakeview Colony,13.043877,80.266322,Pending,Low,1,73,Other,Monday,13,Shoplifting reported near Old Town Square.
Hacking,Cybercrime,2026-01-12,04:15:46,Zone 6,Industrial Estate,13.092623,80.252095,Solved,Medium,0,37,Male,Monday,4,Hacking reported near Railway Station Rd.
Vandalism,Public Order,2025-09-23,08:48:54,Zone 3,Old Town Square,13.092211,80.335247,Solved,Medium,0,72,Female,Tuesday,8,Vandalism reported near Harbor Front.
Pickpocketing,Theft,2025-09-09,09:13:20,Zone 1,Central Market,13.09885,80.325021,Solved,Medium,0,67,Other,Tuesday,9,Pickpocketing reported near Hilltop Avenue.
Shoplifting,Theft,2026-02-26,13:29:13,Zone 2,Lakeview Colony,13.15223,80.348453,Solved,Medium,0,49,Female,Thursday,13,Shoplifting reported near Lakeview Colony.
Drug Trafficking,Narcotics,2025-11-25,05:06:29,Zone 4,Greenfield Sector 7,13.114745,80.327522,Under Investigation,Low,1,19,Male,Tuesday,5,Drug Trafficking reported near Old Town Square.
Drug Possession,Narcotics,2026-06-05,23:13:51,Zone 5,Industrial Estate,13.086476,80.318079,Solved,Critical,1,41,Female,Friday,23,Drug Possession reported near Industrial Estate.
Homicide,Violent Crime,2026-07-15,14:34:46,Zone 4,Old Town Square,13.083529,80.341689,Pending,High,1,52,Other,Wednesday,14,Homicide reported near Harbor Front.
Burglary,Theft,2026-01-08,19:27:36,Zone 2,MG Road Junction,13.08544,80.193683,Solved,Critical,1,57,Female,Thursday,19,Burglary reported near Lakeview Colony.
Drug Possession,Narcotics,2025-11-09,04:08:52,Zone 4,Railway Station Rd,13.116609,80.334892,Solved,High,0,69,Other,Sunday,4,Drug Possession reported near Hilltop Avenue.
Drug Trafficking,Narcotics,2025-11-30,04:02:54,Zone 5,University Gate,13.023508,80.199612,Pending,High,1,47,Female,Sunday,4,Drug Trafficking reported near University Gate.
Phishing,Cybercrime,2025-08-27,18:15:33,Zone 2,Hilltop Avenue,13.106192,80.282375,Solved,High,0,71,Male,Wednesday,18,Phishing reported near Harbor Front.
Homicide,Violent Crime,2026-03-25,20:05:01,Zone 4,Industrial Estate,13.125865,80.326725,Solved,Medium,1,21,Other,Wednesday,20,Homicide reported near Harbor Front.
